id_escenario,escenario,recargo_entrega_ilustrativo_fraccion,participacion_gasolina_en_p068,codigo,producto,efecto_costo_directo_pct,efecto_precio_propagado_pct
E10_r00_p068_450,E10,0.0,0.45,P001,Maíz,-0.001492200733379665,-0.0023158635427763564
E10_r00_p068_450,E10,0.0,0.45,P002,Frijoles,-0.00013180962275265469,-0.0011466955932296174
E10_r00_p068_450,E10,0.0,0.45,P003,Leguminosas (legumbres secas) y semillas oleaginosas,-0.003647202093053485,-0.00554566355934498
E10_r00_p068_450,E10,0.0,0.45,P004,Arroz,-0.0018112164728405025,-0.0040184595649461665
E10_r00_p068_450,E10,0.0,0.45,P005,Otros cereales,-0.001218726469574463,-0.0021649863708992374
E10_r00_p068_450,E10,0.0,0.45,P006,Hortalizas,-0.002363583498065035,-0.003836135039066067
E10_r00_p068_450,E10,0.0,0.45,P007,Sandías y melones,-0.0017844480287484918,-0.003308964395974778
E10_r00_p068_450,E10,0.0,0.45,P008,Ejotes y arvejas,-0.0017267483979575334,-0.0030414947446021456
E10_r00_p068_450,E10,0.0,0.45,P009,Raíces y tubérculos,-0.0022368485562619866,-0.0043649202236973805
E10_r00_p068_450,E10,0.0,0.45,P010,Caña de azúcar y otras plantas azucareras,-0.003808439422516431,-0.0070331335303345675
E10_r00_p068_450,E10,0.0,0.45,P011,Tabaco y otras plantas no perennes,-0.0003557224891169329,-0.0023729933488224903
E10_r00_p068_450,E10,0.0,0.45,P012,"Bananos, plátanos y otros",-0.0036589124387660776,-0.006768646115211804
E10_r00_p068_450,E10,0.0,0.45,P013,Frutas tropicales y subtropicales,-0.002231535681332486,-0.0035588223210271156
E10_r00_p068_450,E10,0.0,0.45,P014,"Berries, otras frutas y semillas de frutas",-0.0026667222194628163,-0.00387298142160882
E10_r00_p068_450,E10,0.0,0.45,P015,Palma africana,-0.003002752155415903,-0.00625026811288133
E10_r00_p068_450,E10,0.0,0.45,P016,Café en grano,-0.00013829606138397732,-0.002618930946512265
E10_r00_p068_450,E10,0.0,0.45,P017,Cardamomo,-0.0015031228248335738,-0.0042687403533640395
E10_r00_p068_450,E10,0.0,0.45,P018,Caucho natural,-0.005737871676184735,-0.011837576943258075
E10_r00_p068_450,E10,0.0,0.45,P019,Propagación de plantas,-0.014613136818123656,-0.01871278734776205
E10_r00_p068_450,E10,0.0,0.45,P020,"Otros frutos oleaginosos, otras plantas bebestibles y especias aromáticas",-0.010565972789993118,-0.012827708084724639
E10_r00_p068_450,E10,0.0,0.45,P021,Ganado bovino,-0.00110507595636429,-0.00219054684349488
E10_r00_p068_450,E10,0.0,0.45,P022,Ganado porcino y otro tipo de animales vivos n.c.p.,-0.002660489950145522,-0.004649670806227464
E10_r00_p068_450,E10,0.0,0.45,P023,Aves de corral,-0.0011325378578030882,-0.0032926708854052822
E10_r00_p068_450,E10,0.0,0.45,P024,Leche cruda,-0.0020785138570833,-0.004625753672476133
E10_r00_p068_450,E10,0.0,0.45,P025,Huevos,-0.0011440369622581193,-0.0024242040440120016
E10_r00_p068_450,E10,0.0,0.45,P026,Otros productos de animales vivos,-0.0,-0.002312012629036178
E10_r00_p068_450,E10,0.0,0.45,P027,Troncos de madera y leña,-0.006372044070098924,-0.008805245020893958
E10_r00_p068_450,E10,0.0,0.45,P028,Productos forestales no madereros,-0.005059139678445854,-0.008709734206883672
E10_r00_p068_450,E10,0.0,0.45,P029,"Peces vivos, frescos o refrigerados",-0.043909982033887365,-0.04505461295898235
E10_r00_p068_450,E10,0.0,0.45,P030,Crustáceos sin congelar y otros productos de la pesca,-0.004423875653264059,-0.0067237690321090135
E10_r00_p068_450,E10,0.0,0.45,P031,Petróleo crudo y gas natural,-0.010986903333088065,-0.013084336190958673
E10_r00_p068_450,E10,0.0,0.45,P032,Minerales metálicos,-0.003924040281217228,-0.006103914941229254
E10_r00_p068_450,E10,0.0,0.45,P033,Minerales no metálicos,-0.012888728359324262,-0.015409509605415435
E10_r00_p068_450,E10,0.0,0.45,P034,Carne y despojos comestibles de ganado bovino; cueros y pieles de bovino y de otros animales,-0.002332424433489017,-0.005678819268470917
E10_r00_p068_450,E10,0.0,0.45,P035,Carne y despojos comestibles de ganado porcino,-0.0010192916345392292,-0.005114059557381057
E10_r00_p068_450,E10,0.0,0.45,P036,Carne y despojos comestibles de aves,-0.002138462287140616,-0.00575549486454728
E10_r00_p068_450,E10,0.0,0.45,P037,Carne y despojos de otros animales y conservas y preparados de carne,-0.0031766632218166247,-0.00615171923297662
E10_r00_p068_450,E10,0.0,0.45,P038,"Pescado congelado, preparado o en conserva y sus productos",-0.000762252707793524,-0.0031635241995927247
E10_r00_p068_450,E10,0.0,0.45,P039,"Crustáceos, moluscos y demás invertebrados acuáticos congelados, preparados o en conserva y sus productos",-0.0015737082598054318,-0.004357974917047461
E10_r00_p068_450,E10,0.0,0.45,P040,"Vegetales preparados o en conserva, legumbres y papas",-0.006964908030190458,-0.010387688792624312
E10_r00_p068_450,E10,0.0,0.45,P041,Preparaciones y conservas de frutas y nueces,-0.002278006787347455,-0.004618943875912738
E10_r00_p068_450,E10,0.0,0.45,P042,Jugos de frutas,-0.005412200799874678,-0.008602390742554915
E10_r00_p068_450,E10,0.0,0.45,P043,Aceites de origen vegetal,-0.0028753741322186696,-0.006711986106256898
E10_r00_p068_450,E10,0.0,0.45,P044,"Margarina, grasas y otros aceites de origen animal y vegetal",-0.0036169733855236077,-0.007538469923516528
E10_r00_p068_450,E10,0.0,0.45,P045,Leche líquida y crema procesada,-0.002490071774840534,-0.006312321473724675
E10_r00_p068_450,E10,0.0,0.45,P046,Otros productos lácteos n.c.p.,-0.0025783279227182673,-0.006191044090707924
E10_r00_p068_450,E10,0.0,0.45,P047,Harina de trigo,-0.003611370570829427,-0.006960262719531988
E10_r00_p068_450,E10,0.0,0.45,P048,Arroz sin cáscara,-0.004086585568754802,-0.005751505118969871
E10_r00_p068_450,E10,0.0,0.45,P049,"Otros productos de molinería, almidones y productos de almidón",-0.006040784491797512,-0.008602330840156635
E10_r00_p068_450,E10,0.0,0.45,P050,Pan y otros productos de panadería y repostería n.c.p.,-0.0006473075156685968,-0.0040769339946018154
E10_r00_p068_450,E10,0.0,0.45,P051,"Tortillas de maíz, incluso tostadas, horneadas o fritas",-6.147546422889692e-05,-0.0021122904714115614
E10_r00_p068_450,E10,0.0,0.45,P052,"Azúcar de caña sin refinar y refinada, melaza y los demás azúcares n.c.p.",-0.0002924094633938319,-0.006315443811483675
E10_r00_p068_450,E10,0.0,0.45,P053,Productos alimenticios n.c.p.,-0.006465194544203267,-0.009095121048240697
E10_r00_p068_450,E10,0.0,0.45,P054,Preparados para alimentación animal,-0.0005284788062797002,-0.002540419147127188
E10_r00_p068_450,E10,0.0,0.45,P055,"Aguardientes, licores, vinos, demás bebidas espirituosas y productos del tabaco",-0.0008381357566438386,-0.00362157534239011
E10_r00_p068_450,E10,0.0,0.45,P056,Malta y cerveza de malta,-0.009710408027170915,-0.0126046221099828
E10_r00_p068_450,E10,0.0,0.45,P057,Bebidas no alcohólicas,-0.008608576281403975,-0.012747016725839775
E10_r00_p068_450,E10,0.0,0.45,P058,Aguas minerales y otras aguas embotelladas,-0.0089450012205735,-0.011547247813680047
E10_r00_p068_450,E10,0.0,0.45,P059,"Hilados, tejidos, telas y otros productos textiles excepto prendas de vestir",-0.003338486697238867,-0.00586586395951433
E10_r00_p068_450,E10,0.0,0.45,P060,"Prendas de vestir, adobo y teñido de pieles",-0.0031946428551126223,-0.006098837210563164
E10_r00_p068_450,E10,0.0,0.45,P061,Cuero de piel curtida o adobada y cuero artificial o regenerado y artículos de cuero,-0.004218560426347027,-0.007186980966936115
E10_r00_p068_450,E10,0.0,0.45,P062,"Calzado y sus partes, de cualquier material y de cualquier uso",-0.00026300566785269705,-0.0030512643076552664
E10_r00_p068_450,E10,0.0,0.45,P063,"Madera aserrada y acepillada, productos de madera, corcho, paja y materiales trenzables",-0.004408904682092825,-0.009890117459917112
E10_r00_p068_450,E10,0.0,0.45,P064,Pasta de papel y papel,-0.001277157102588179,-0.0038036033775411863
E10_r00_p068_450,E10,0.0,0.45,P065,Envases de papel y cartón,-0.0017449573834593384,-0.0038765583229409366
E10_r00_p068_450,E10,0.0,0.45,P066,Productos de la edición,-0.0018951347842989387,-0.0039482774745190664
E10_r00_p068_450,E10,0.0,0.45,P067,Productos de la impresión,-0.0031807058518371007,-0.005459560943602805
E10_r00_p068_450,E10,0.0,0.45,P068,"Gasolinas, diésel oil y fuel oils",-0.005588688503544365,-0.0067950206609847215
E10_r00_p068_450,E10,0.0,0.45,P069,"Aceites, grasas lubricantes y otros aceites preparados",-0.0,0.0
E10_r00_p068_450,E10,0.0,0.45,P070,"Gases de petróleo, otros productos de la refinación de petróleo n.c.p.",-0.011569512773055091,-0.01381329686015584
E10_r00_p068_450,E10,0.0,0.45,P071,"Abonos, fertilizantes y pesticidas",-0.00040158748664616154,-0.0018273597715014033
E10_r00_p068_450,E10,0.0,0.45,P072,"Pinturas, barnices, tintas y productos relacionados",-0.0018696275105209849,-0.003851810013258422
E10_r00_p068_450,E10,0.0,0.45,P073,"Jabón, preparados de limpieza, perfumes y preparados de toilet",-0.0026112784417490586,-0.0041079411747555515
E10_r00_p068_450,E10,0.0,0.45,P074,Otros productos químicos,-0.0063007481588810595,-0.010312378256148417
E10_r00_p068_450,E10,0.0,0.45,P075,Productos farmacéuticos,-0.001350597679210435,-0.0035832403800734234
E10_r00_p068_450,E10,0.0,0.45,P076,Productos de caucho y plástico,-0.0008620757108486904,-0.003063720034462439
E10_r00_p068_450,E10,0.0,0.45,P077,Vidrio y productos de vidrio,-0.017604910179577292,-0.024119939625906008
E10_r00_p068_450,E10,0.0,0.45,P078,Productos de cerámica y arcilla,-0.006505738271156125,-0.011495382686596882
E10_r00_p068_450,E10,0.0,0.45,P079,"Cemento, cal y yeso",-0.0034277592258120096,-0.008598401851722526
E10_r00_p068_450,E10,0.0,0.45,P080,"Artículos de hormigón, cemento y yeso",-0.0037007095548057117,-0.009674224257976092
E10_r00_p068_450,E10,0.0,0.45,P081,Piedras talladas para construcción y otros productos minerales no metálicos n.c.p.,-0.002275579693396179,-0.0057509256155894506
E10_r00_p068_450,E10,0.0,0.45,P082,"Métales básicos de hierro y acero, productos primarios de metales preciosos y otros metales no ferrosos",-0.0029291815904533606,-0.006617786813381993
E10_r00_p068_450,E10,0.0,0.45,P083,Productos metálicos estructurales y sus partes de hierro o de acero,-0.001268551017289947,-0.002803886181340991
E10_r00_p068_450,E10,0.0,0.45,P084,Otros productos elaborados de metal,-0.0032191419763320374,-0.004764649591294227
E10_r00_p068_450,E10,0.0,0.45,P085,"Maquinaria para usos generales y especiales, sus partes y piezas, excepto electrodomésticos",-0.00028464133295319017,-0.0016917334537735257
E10_r00_p068_450,E10,0.0,0.45,P086,Electrodomésticos y sus partes,-0.0,0.0
E10_r00_p068_450,E10,0.0,0.45,P087,"Maquinaria de oficina, contabilidad e informática, sus partes y piezas",-0.0,0.0
E10_r00_p068_450,E10,0.0,0.45,P088,"Maquinaria y aparatos eléctricos, sus partes y piezas",-0.0005031473283804165,-0.002402384269015198
E10_r00_p068_450,E10,0.0,0.45,P089,"Equipo y aparatos de radio, televisión y comunicaciones",-0.0,0.0
E10_r00_p068_450,E10,0.0,0.45,P090,"Aparatos médicos, instrumentos ópticos y de precisión, relojes",-0.0011779324052742512,-0.004016961147979434
E10_r00_p068_450,E10,0.0,0.45,P091,Equipo de transporte,-0.003380555357190119,-0.005607773860633708
E10_r00_p068_450,E10,0.0,0.45,P092,Muebles,-0.0017672274860307555,-0.0061984840084692416
E10_r00_p068_450,E10,0.0,0.45,P093,Otros artículos n.c.p.,-0.00293803525757075,-0.005177528220496211
E10_r00_p068_450,E10,0.0,0.45,P094,Residuos y desechos,-0.012696353732432348,-0.01416763189726496
E10_r00_p068_450,E10,0.0,0.45,P095,"Generación y distribución de energía eléctrica, gas, vapor y aire acondicionado",-0.020675568593559873,-0.02228354184803438
E10_r00_p068_450,E10,0.0,0.45,P096,Agua natural y distribución de agua natural,-0.00906068346810608,-0.012462306922428232
E10_r00_p068_450,E10,0.0,0.45,P097,"Evacuación de aguas residuales, recogida, tratamiento y eliminación de desechos",-0.016018728096780083,-0.017552071645633133
E10_r00_p068_450,E10,0.0,0.45,P098,Edificaciones residenciales,-6.183341424088984e-05,-0.0033102613922210344
E10_r00_p068_450,E10,0.0,0.45,P099,Edificaciones no residenciales,-0.00014926958828560946,-0.0038493581656612232
E10_r00_p068_450,E10,0.0,0.45,P100,Obras de ingeniería civil,-0.004630631978777623,-0.008507085915249325
E10_r00_p068_450,E10,0.0,0.45,P101,Servicios generales y especializados de construcción,-0.003765400550250341,-0.007585364563026577
E10_r00_p068_450,E10,0.0,0.45,P102,Servicios de comercio,-0.002660233510547132,-0.0044448613564530715
E10_r00_p068_450,E10,0.0,0.45,P103,Mantenimiento y reparación de vehículos automotores y motocicletas,-0.006894006217635655,-0.008235789762522103
E10_r00_p068_450,E10,0.0,0.45,P104,Servicio de transporte de pasajeros por vía terrestre,-0.03959042496218804,-0.041087690433700856
E10_r00_p068_450,E10,0.0,0.45,P105,Servicio de transporte de carga por vía terrestre,-0.04261111085103337,-0.04444101819989328
E10_r00_p068_450,E10,0.0,0.45,P106,Otros tipos de transporte,-0.00912680916479739,-0.011036394869078293
E10_r00_p068_450,E10,0.0,0.45,P107,Servicios de almacenamiento y depósito,-0.00041031674221727536,-0.003077479626137968
E10_r00_p068_450,E10,0.0,0.45,P108,Otros servicios de apoyo al transporte,-0.003649059999158604,-0.0077906751255869796
E10_r00_p068_450,E10,0.0,0.45,P109,Servicios postales y de mensajería,-0.013385020314071449,-0.017663834852722094
E10_r00_p068_450,E10,0.0,0.45,P110,Servicio de alojamiento,-0.004457764669232172,-0.007141113820563346
E10_r00_p068_450,E10,0.0,0.45,P111,Servicio de suministro de comidas y bebidas,-0.0007145629761364039,-0.003941090740801081
E10_r00_p068_450,E10,0.0,0.45,P112,"Servicios de información, telecomunicaciones y radiodifusión",-0.002085837821697295,-0.003032452009923268
E10_r00_p068_450,E10,0.0,0.45,P113,Servicios de banco central,-0.0005486060673488358,-0.0027081565709567226
E10_r00_p068_450,E10,0.0,0.45,P114,Otros servicios financieros y servicios de banca de inversión,-0.0001755090407108877,-0.002658059226496608
E10_r00_p068_450,E10,0.0,0.45,P115,Servicios de Intermediación Financiera Medidos Indirectamente (SIFMI),-0.00010185398782140428,-0.0015605539115176672
E10_r00_p068_450,E10,0.0,0.45,P116,"Servicios de seguro, reaseguro y fondos de pensiones",-0.00011403386480497432,-0.0013430779206510604
E10_r00_p068_450,E10,0.0,0.45,P117,Servicios auxiliares de la intermediación financiera,-0.0013866272498000154,-0.0029577947030695966
E10_r00_p068_450,E10,0.0,0.45,P118,Servicios de alquiler de vivienda,-1.5808958530185863e-10,-0.0003542663638545578
E10_r00_p068_450,E10,0.0,0.45,P119,"Otros servicios inmobiliarios, excepto alquiler de vivienda",-0.0008420403149033465,-0.0026754626491718872
E10_r00_p068_450,E10,0.0,0.45,P120,"Servicios jurídicos, de contabilidad, auditoría, teneduría de libros y consultoría fiscal",-0.0006443148199285932,-0.0014437312358751432
E10_r00_p068_450,E10,0.0,0.45,P121,Servicios de tecnología de la información,-0.003687312150052559,-0.00511546204181622
E10_r00_p068_450,E10,0.0,0.45,P122,"Servicios de arquitectura e ingeniería, ensayos y análisis técnicos",-0.003604827754232131,-0.0053778289815289
E10_r00_p068_450,E10,0.0,0.45,P123,"Otros servicios profesionales, científicos y técnicos",-0.0008699242759454646,-0.0019507591900163365
E10_r00_p068_450,E10,0.0,0.45,P124,Servicios de publicidad y estudios de mercado,-0.001345850215774956,-0.0032588360503820967
E10_r00_p068_450,E10,0.0,0.45,P125,Servicios de arrendamiento o alquiler sin operador,-0.004454687170366887,-0.005877715457282196
E10_r00_p068_450,E10,0.0,0.45,P126,Servicios  de agencias de empleo y de dotación de recursos humanos,-0.0008599558471540831,-0.0012938337949991593
E10_r00_p068_450,E10,0.0,0.45,P127,"Servicios de agencias de viajes, operadores turísticos y actividades conexas",-0.003069467487405449,-0.004731009925782732
E10_r00_p068_450,E10,0.0,0.45,P128,"Servicios de seguridad, sistemas de seguridad e investigación privada",-0.002075441725702548,-0.002794174042869282
E10_r00_p068_450,E10,0.0,0.45,P129,Servicios de limpieza,-0.0014175500102470461,-0.0028132753981911793
E10_r00_p068_450,E10,0.0,0.45,P130,Servicios telefónicos de centros de llamadas,-0.000406443538613186,-0.0014954426670944986
E10_r00_p068_450,E10,0.0,0.45,P131,"Servicios administrativos, de apoyo de oficina y otros servicios de apoyo a las empresas",-0.005188554922507178,-0.006622794499058256
E10_r00_p068_450,E10,0.0,0.45,P132,"Servicios de mantenimiento, reparación e instalación de productos metálicos elaborados, maquinaria y equipo",-0.0029616441077499962,-0.005715345585726252
E10_r00_p068_450,E10,0.0,0.45,P133,Servicios de reparación de otros bienes,-0.0014871907737530473,-0.002524585867475452
E10_r00_p068_450,E10,0.0,0.45,P134,"Servicios de apoyo a la agricultura, caza, silvicultura y pesca",-0.004834573497058103,-0.0055051669450238505
E10_r00_p068_450,E10,0.0,0.45,P135,"Servicios de apoyo a la explotación de minas y canteras y los relacionados con la distribución de electricidad, gas y agua",-0.000876283767248938,-0.00277206208308887
E10_r00_p068_450,E10,0.0,0.45,P136,Servicios de manufactura,-0.004524042204856097,-0.0072906089818084215
E10_r00_p068_450,E10,0.0,0.45,P137,Servicios públicos del gobierno general,-0.006773475531151799,-0.010536832773836768
E10_r00_p068_450,E10,0.0,0.45,P138,"Servicios públicos administrativos relacionados con la provisión de servicios educativos, de salud, servicios sociales, culturales y otros, sin contar los servicios de seguridad social",-0.00031781270277972433,-0.00230263116705833
E10_r00_p068_450,E10,0.0,0.45,P139,Otros servicios administrativos,-0.0005852535589523595,-0.003637181699360373
E10_r00_p068_450,E10,0.0,0.45,P140,Servicios públicos administrativos prestados a la comunidad en su conjunto,-0.0009301254672373894,-0.0018883032378068554
E10_r00_p068_450,E10,0.0,0.45,P141,Servicios administrativos relacionados con los sistemas de seguridad social de afiliación obligatoria,-0.0010883029837690612,-0.00192199184865731
E10_r00_p068_450,E10,0.0,0.45,P142,Servicios de enseñanza,-0.0006863106868434426,-0.0013678952166305497
E10_r00_p068_450,E10,0.0,0.45,P143,Servicios de hospitalización,-0.001693516631138906,-0.0030102091168297306
E10_r00_p068_450,E10,0.0,0.45,P144,Servicios médicos y dentales,-0.0017669678099659861,-0.0031476369119615272
E10_r00_p068_450,E10,0.0,0.45,P145,Otros servicios de atención de la salud humana,-0.0015777280507126513,-0.0035705346141571546
E10_r00_p068_450,E10,0.0,0.45,P146,"Servicios audiovisuales, recreativos, culturales y deportivos",-0.003178986995375607,-0.005810161807045911
E10_r00_p068_450,E10,0.0,0.45,P147,Servicios de asociaciones que sirven a las empresas,-0.0025254730572816576,-0.00441066271502115
E10_r00_p068_450,E10,0.0,0.45,P148,Servicios de asociaciones que sirven a los hogares,-0.002153819641944295,-0.00473208543587418
E10_r00_p068_450,E10,0.0,0.45,P149,Otros servicios,-0.0010341746539853575,-0.0017933834215640837
E10_r00_p068_450,E10,0.0,0.45,P150,Servicios domésticos,-0.0,0.0
E10_r00_p068_450,E10,0.0,0.45,P151,Compras directas en el exterior por residentes,-0.0,0.0
E10_r00_p068_450,E10,0.0,0.45,P152,Compras directas en el territorio nacional por no residentes,-0.0,0.0
E10_r00_p068_502,E10,0.0,0.502,P001,Maíz,-0.0016646328181257597,-0.002583474441052737
E10_r00_p068_502,E10,0.0,0.502,P002,Frijoles,-0.00014704095693740592,-0.001279202639558373
E10_r00_p068_502,E10,0.0,0.502,P003,Leguminosas (legumbres secas) y semillas oleaginosas,-0.0040686565571396655,-0.006186495792869291
E10_r00_p068_502,E10,0.0,0.502,P004,Arroz,-0.0020205125985909606,-0.004482814892451059
E10_r00_p068_502,E10,0.0,0.502,P005,Otros cereales,-0.0013595570838364009,-0.002415162573758705
E10_r00_p068_502,E10,0.0,0.502,P006,Hortalizas,-0.0026367087022858833,-0.004279421754691479
E10_r00_p068_502,E10,0.0,0.502,P007,Sandías y melones,-0.0019906509120705394,-0.0036913336150651947
E10_r00_p068_502,E10,0.0,0.502,P008,Ejotes y arvejas,-0.0019262837683881816,-0.0033929563595339507
E10_r00_p068_502,E10,0.0,0.502,P009,Raíces y tubérculos,-0.002495328833874483,-0.00486931100510241
E10_r00_p068_502,E10,0.0,0.502,P010,Caña de azúcar y otras plantas azucareras,-0.004248525755784997,-0.007845851182728788
E10_r00_p068_502,E10,0.0,0.502,P011,Tabaco y otras plantas no perennes,-0.00039682819897044516,-0.002647205913575311
E10_r00_p068_502,E10,0.0,0.502,P012,"Bananos, plátanos y otros",-0.004081720098356824,-0.007550800777414061
E10_r00_p068_502,E10,0.0,0.502,P013,Frutas tropicales y subtropicales,-0.002489402026730906,-0.003970064011456916
E10_r00_p068_502,E10,0.0,0.502,P014,"Berries, otras frutas y semillas de frutas",-0.002974876787045186,-0.0043205259414391736
E10_r00_p068_502,E10,0.0,0.502,P015,Palma africana,-0.0033497368489306296,-0.006972521317036507
E10_r00_p068_502,E10,0.0,0.502,P016,Café en grano,-0.000154276939588348,-0.0029215629669981273
E10_r00_p068_502,E10,0.0,0.502,P017,Cardamomo,-0.0016768170179254534,-0.00476201701641944
E10_r00_p068_502,E10,0.0,0.502,P018,Caucho natural,-0.006400914625432749,-0.013205474723367895
E10_r00_p068_502,E10,0.0,0.502,P019,Propagación de plantas,-0.01630176596155128,-0.02087515388572567
E10_r00_p068_502,E10,0.0,0.502,P020,"Otros frutos oleaginosos, otras plantas bebestibles y especias aromáticas",-0.011786929645725655,-0.014310021018959479
E10_r00_p068_502,E10,0.0,0.502,P021,Ganado bovino,-0.0012327736224330525,-0.0024436767009653995
E10_r00_p068_502,E10,0.0,0.502,P022,Ganado porcino y otro tipo de animales vivos n.c.p.,-0.0029679243443845606,-0.005186966099391525
E10_r00_p068_502,E10,0.0,0.502,P023,Aves de corral,-0.001263408899149223,-0.003673157298829894
E10_r00_p068_502,E10,0.0,0.502,P024,Leche cruda,-0.0023186976805684807,-0.005160285207962265
E10_r00_p068_502,E10,0.0,0.502,P025,Huevos,-0.0012762367890079465,-0.002704334289097833
E10_r00_p068_502,E10,0.0,0.502,P026,Otros productos de animales vivos,-0.0,-0.0025791785328359135
E10_r00_p068_502,E10,0.0,0.502,P027,Troncos de madera y leña,-0.007108369162643691,-0.009822740001086152
E10_r00_p068_502,E10,0.0,0.502,P028,Productos forestales no madereros,-0.005643751374621819,-0.009716192381901339
E10_r00_p068_502,E10,0.0,0.502,P029,"Peces vivos, frescos o refrigerados",-0.04898402440224768,-0.05026092378979804
E10_r00_p068_502,E10,0.0,0.502,P030,Crustáceos sin congelar y otros productos de la pesca,-0.004935079062085683,-0.007500737898041607
E10_r00_p068_502,E10,0.0,0.502,P031,Petróleo crudo y gas natural,-0.012256501051578241,-0.014596303928580568
E10_r00_p068_502,E10,0.0,0.502,P032,Minerales metálicos,-0.004377484935935662,-0.006809256223326855
E10_r00_p068_502,E10,0.0,0.502,P033,Minerales no metálicos,-0.014378092525290617,-0.017190164048707872
E10_r00_p068_502,E10,0.0,0.502,P034,Carne y despojos comestibles de ganado bovino; cueros y pieles de bovino y de otros animales,-0.002601949034692192,-0.006335038383938668
E10_r00_p068_502,E10,0.0,0.502,P035,Carne y despojos comestibles de ganado porcino,-0.00113707644564154,-0.005705017550678425
E10_r00_p068_502,E10,0.0,0.502,P036,Carne y despojos comestibles de aves,-0.0023855734847657534,-0.006420574271117191
E10_r00_p068_502,E10,0.0,0.502,P037,Carne y despojos de otros animales y conservas y preparados de carne,-0.003543744305226546,-0.00686258456656503
E10_r00_p068_502,E10,0.0,0.502,P038,"Pescado congelado, preparado o en conserva y sus productos",-0.0008503352429163313,-0.003529086995990107
E10_r00_p068_502,E10,0.0,0.502,P039,"Crustáceos, moluscos y demás invertebrados acuáticos congelados, preparados o en conserva y sus productos",-0.0017555589920496147,-0.004861563129684055
E10_r00_p068_502,E10,0.0,0.502,P040,"Vegetales preparados o en conserva, legumbres y papas",-0.007769741847012466,-0.011588043941994232
E10_r00_p068_502,E10,0.0,0.502,P041,Preparaciones y conservas de frutas y nueces,-0.0025412431272187164,-0.005152688501573767
E10_r00_p068_502,E10,0.0,0.502,P042,Jugos de frutas,-0.006037610670082418,-0.009596444783916816
E10_r00_p068_502,E10,0.0,0.502,P043,Aceites de origen vegetal,-0.0032076395874972713,-0.007487593389646583
E10_r00_p068_502,E10,0.0,0.502,P044,"Margarina, grasas y otros aceites de origen animal y vegetal",-0.004034934754517446,-0.00840958200356733
E10_r00_p068_502,E10,0.0,0.502,P045,Leche líquida y crema procesada,-0.0027778134021554405,-0.0070417452884661965
E10_r00_p068_502,E10,0.0,0.502,P046,Otros productos lácteos n.c.p.,-0.0028762680382323786,-0.006906453630078617
E10_r00_p068_502,E10,0.0,0.502,P047,Harina de trigo,-0.004028684503458606,-0.0077645597449001276
E10_r00_p068_502,E10,0.0,0.502,P048,Arroz sin cáscara,-0.004558813234477579,-0.006416123488273055
E10_r00_p068_502,E10,0.0,0.502,P049,"Otros productos de molinería, almidones y productos de almidón",-0.006738830699738557,-0.009596377959463628
E10_r00_p068_502,E10,0.0,0.502,P050,Pan y otros productos de panadería y repostería n.c.p.,-0.0007221074952569678,-0.00454804636731136
E10_r00_p068_502,E10,0.0,0.502,P051,"Tortillas de maíz, incluso tostadas, horneadas o fritas",-6.857929565090279e-05,-0.0023563773703302307
E10_r00_p068_502,E10,0.0,0.502,P052,"Azúcar de caña sin refinar y refinada, melaza y los demás azúcares n.c.p.",-0.000326199001386008,-0.007045228429699572
E10_r00_p068_502,E10,0.0,0.502,P053,Productos alimenticios n.c.p.,-0.007212283691533422,-0.010146112813815174
E10_r00_p068_502,E10,0.0,0.502,P054,Preparados para alimentación animal,-0.0005895474683386877,-0.0028339786930174403
E10_r00_p068_502,E10,0.0,0.502,P055,"Aguardientes, licores, vinos, demás bebidas espirituosas y productos del tabaco",-0.0009349869996337932,-0.004040068493066301
E10_r00_p068_502,E10,0.0,0.502,P056,Malta y cerveza de malta,-0.010832499621421778,-0.014061156220469702
E10_r00_p068_502,E10,0.0,0.502,P057,Bebidas no alcohólicas,-0.00960334509614399,-0.014220005325270147
E10_r00_p068_502,E10,0.0,0.502,P058,Aguas minerales y otras aguas embotelladas,-0.009978645806061991,-0.012881596449927524
E10_r00_p068_502,E10,0.0,0.502,P059,"Hilados, tejidos, telas y otros productos textiles excepto prendas de vestir",-0.0037242673822531357,-0.006543697128169317
E10_r00_p068_502,E10,0.0,0.502,P060,"Prendas de vestir, adobo y teñido de pieles",-0.0035638015850367475,-0.006803591732672686
E10_r00_p068_502,E10,0.0,0.502,P061,Cuero de piel curtida o adobada y cuero artificial o regenerado y artículos de cuero,-0.004706038520058239,-0.008017476545337623
E10_r00_p068_502,E10,0.0,0.502,P062,"Calzado y sus partes, de cualquier material y de cualquier uso",-0.0002933974339156754,-0.0034038548498732087
E10_r00_p068_502,E10,0.0,0.502,P063,"Madera aserrada y acepillada, productos de madera, corcho, paja y materiales trenzables",-0.004918378112023551,-0.011032975477507534
E10_r00_p068_502,E10,0.0,0.502,P064,Pasta de papel y papel,-0.0014247397011094799,-0.004243130878945947
E10_r00_p068_502,E10,0.0,0.502,P065,Envases de papel y cartón,-0.0019465969033257507,-0.004324516173591892
E10_r00_p068_502,E10,0.0,0.502,P066,Productos de la edición,-0.0021141281371512602,-0.0044045228715746025
E10_r00_p068_502,E10,0.0,0.502,P067,Productos de la impresión,-0.003548254083604943,-0.00609044354153024
E10_r00_p068_502,E10,0.0,0.502,P068,"Gasolinas, diésel oil y fuel oils",-0.006234492508398379,-0.0075802230484762895
E10_r00_p068_502,E10,0.0,0.502,P069,"Aceites, grasas lubricantes y otros aceites preparados",-0.0,0.0
E10_r00_p068_502,E10,0.0,0.502,P070,"Gases de petróleo, otros productos de la refinación de petróleo n.c.p.",-0.012906434249052572,-0.01540950005288496
E10_r00_p068_502,E10,0.0,0.502,P071,"Abonos, fertilizantes y pesticidas",-0.000447993151769718,-0.0020385213450971216
E10_r00_p068_502,E10,0.0,0.502,P072,"Pinturas, barnices, tintas y productos relacionados",-0.0020856733561811875,-0.00429690805923495
E10_r00_p068_502,E10,0.0,0.502,P073,"Jabón, preparados de limpieza, perfumes y preparados de toilet",-0.0029130261727956168,-0.004582636599393971
E10_r00_p068_502,E10,0.0,0.502,P074,Otros productos químicos,-0.007028834612796204,-0.011504030854636676
E10_r00_p068_502,E10,0.0,0.502,P075,Productos farmacéuticos,-0.0015066667443636409,-0.003997303712881908
E10_r00_p068_502,E10,0.0,0.502,P076,Productos de caucho y plástico,-0.0009616933485467611,-0.003417749905111432
E10_r00_p068_502,E10,0.0,0.502,P077,Vidrio y productos de vidrio,-0.019639255355884004,-0.02690713264934403
E10_r00_p068_502,E10,0.0,0.502,P078,Productos de cerámica y arcilla,-0.0072575124713786104,-0.012823738019270302
E10_r00_p068_502,E10,0.0,0.502,P079,"Cemento, cal y yeso",-0.0038238558474613968,-0.00959199495458824
E10_r00_p068_502,E10,0.0,0.502,P080,"Artículos de hormigón, cemento y yeso",-0.004128347103361039,-0.010792134616675554
E10_r00_p068_502,E10,0.0,0.502,P081,Piedras talladas para construcción y otros productos minerales no metálicos n.c.p.,-0.002538535569077515,-0.006415477020057566
E10_r00_p068_502,E10,0.0,0.502,P082,"Métales básicos de hierro y acero, productos primarios de metales preciosos y otros metales no ferrosos",-0.003267664796461305,-0.007382508845150579
E10_r00_p068_502,E10,0.0,0.502,P083,Productos metálicos estructurales y sus partes de hierro o de acero,-0.0014151391348434519,-0.003127890806740394
E10_r00_p068_502,E10,0.0,0.502,P084,Otros productos elaborados de metal,-0.0035911317158192945,-0.005315231321843782
E10_r00_p068_502,E10,0.0,0.502,P085,"Maquinaria para usos generales y especiales, sus partes y piezas, excepto electrodomésticos",-0.0003175332203166699,-0.0018872226528762438
E10_r00_p068_502,E10,0.0,0.502,P086,Electrodomésticos y sus partes,-0.0,0.0
E10_r00_p068_502,E10,0.0,0.502,P087,"Maquinaria de oficina, contabilidad e informática, sus partes y piezas",-0.0,0.0
E10_r00_p068_502,E10,0.0,0.502,P088,"Maquinaria y aparatos eléctricos, sus partes y piezas",-0.0005612887974377091,-0.0026799931178791768
E10_r00_p068_502,E10,0.0,0.502,P089,"Equipo y aparatos de radio, televisión y comunicaciones",-0.0,0.0
E10_r00_p068_502,E10,0.0,0.502,P090,"Aparatos médicos, instrumentos ópticos y de precisión, relojes",-0.0013140490387726093,-0.004481143325079278
E10_r00_p068_502,E10,0.0,0.502,P091,Equipo de transporte,-0.0037711973095765324,-0.006255783284529155
E10_r00_p068_502,E10,0.0,0.502,P092,Muebles,-0.001971440439972087,-0.006914753271670127
E10_r00_p068_502,E10,0.0,0.502,P093,Otros artículos n.c.p.,-0.0032775415540011476,-0.005775820370420221
E10_r00_p068_502,E10,0.0,0.502,P094,Residuos y desechos,-0.014163487941513418,-0.015804780472060024
E10_r00_p068_502,E10,0.0,0.502,P095,"Generación y distribución de energía eléctrica, gas, vapor y aire acondicionado",-0.02306474540881568,-0.024858528906029482
E10_r00_p068_502,E10,0.0,0.502,P096,Agua natural y distribución de agua natural,-0.010107695779976115,-0.013902395722353278
E10_r00_p068_502,E10,0.0,0.502,P097,"Evacuación de aguas residuales, recogida, tratamiento y eliminación de desechos",-0.017869781121296894,-0.019580311035795182
E10_r00_p068_502,E10,0.0,0.502,P098,Edificaciones residenciales,-6.897860877539266e-05,-0.0036927804864332436
E10_r00_p068_502,E10,0.0,0.502,P099,Edificaciones no residenciales,-0.00016651851848750209,-0.0042941728870265206
E10_r00_p068_502,E10,0.0,0.502,P100,Obras de ingeniería civil,-0.0051657272296585935,-0.009490126954344804
E10_r00_p068_502,E10,0.0,0.502,P101,Servicios generales y especializados de construcción,-0.004200513502723714,-0.008461895579198537
E10_r00_p068_502,E10,0.0,0.502,P102,Servicios de comercio,-0.0029676382717659117,-0.004958489779865426
E10_r00_p068_502,E10,0.0,0.502,P103,Mantenimiento y reparación de vehículos automotores y motocicletas,-0.007690646936117998,-0.0091874810239691
E10_r00_p068_502,E10,0.0,0.502,P104,Servicio de transporte de pasajeros por vía terrestre,-0.04416531851337421,-0.045835601328261845
E10_r00_p068_502,E10,0.0,0.502,P105,Servicio de transporte de carga por vía terrestre,-0.0475350614382639,-0.0495764247474365
E10_r00_p068_502,E10,0.0,0.502,P106,Otros tipos de transporte,-0.010181462668285091,-0.012311711609505114
E10_r00_p068_502,E10,0.0,0.502,P107,Servicios de almacenamiento y depósito,-0.00045773112131793824,-0.0034330994940472443
E10_r00_p068_502,E10,0.0,0.502,P108,Otros servicios de apoyo al transporte,-0.004070729154616932,-0.008690930917877033
E10_r00_p068_502,E10,0.0,0.502,P109,Servicios postales y de mensajería,-0.01493173377258637,-0.019704989102369973
E10_r00_p068_502,E10,0.0,0.502,P110,Servicio de alojamiento,-0.004972884142121222,-0.007966309195383997
E10_r00_p068_502,E10,0.0,0.502,P111,Servicio de suministro de comidas y bebidas,-0.0007971346978232773,-0.004396505670849206
E10_r00_p068_502,E10,0.0,0.502,P112,"Servicios de información, telecomunicaciones y radiodifusión",-0.0023268679699823156,-0.003382868686625511
E10_r00_p068_502,E10,0.0,0.502,P113,Servicios de banco central,-0.0006120005462424791,-0.0030210991080450566
E10_r00_p068_502,E10,0.0,0.502,P114,Otros servicios financieros y servicios de banca de inversión,-0.00019579008541525695,-0.0029652127371139945
E10_r00_p068_502,E10,0.0,0.502,P115,Servicios de Intermediación Financiera Medidos Indirectamente (SIFMI),-0.00011362378196965544,-0.0017408845857374872
E10_r00_p068_502,E10,0.0,0.502,P116,"Servicios de seguro, reaseguro y fondos de pensiones",-0.00012721111140466022,-0.0014982780359262945
E10_r00_p068_502,E10,0.0,0.502,P117,Servicios auxiliares de la intermediación financiera,-0.0015468597319991285,-0.0032995843132020836
E10_r00_p068_502,E10,0.0,0.502,P118,Servicios de alquiler de vivienda,-1.7635771515896228e-10,-0.00039520381034441793
E10_r00_p068_502,E10,0.0,0.502,P119,"Otros servicios inmobiliarios, excepto alquiler de vivienda",-0.0009393427512921777,-0.0029846272219650836
E10_r00_p068_502,E10,0.0,0.502,P120,"Servicios jurídicos, de contabilidad, auditoría, teneduría de libros y consultoría fiscal",-0.0007187689768981195,-0.0016105624009096042
E10_r00_p068_502,E10,0.0,0.502,P121,Servicios de tecnología de la información,-0.0041134015540586315,-0.00570658209998165
E10_r00_p068_502,E10,0.0,0.502,P122,"Servicios de arquitectura e ingeniería, ensayos y análisis técnicos",-0.004021385628054511,-0.005999266997172241
E10_r00_p068_502,E10,0.0,0.502,P123,"Otros servicios profesionales, científicos y técnicos",-0.0009704488589436072,-0.0021761802519737793
E10_r00_p068_502,E10,0.0,0.502,P124,Servicios de publicidad y estudios de mercado,-0.0015013706851533955,-0.0036354126606484728
E10_r00_p068_502,E10,0.0,0.502,P125,Servicios de arrendamiento o alquiler sin operador,-0.004969451021164838,-0.006556918132345915
E10_r00_p068_502,E10,0.0,0.502,P126,Servicios  de agencias de empleo y de dotación de recursos humanos,-0.0009593285228252217,-0.0014433434779768401
E10_r00_p068_502,E10,0.0,0.502,P127,"Servicios de agencias de viajes, operadores turísticos y actividades conexas",-0.003424161508172301,-0.005277704406095405
E10_r00_p068_502,E10,0.0,0.502,P128,"Servicios de seguridad, sistemas de seguridad e investigación privada",-0.0023152705473392862,-0.003117056376711955
E10_r00_p068_502,E10,0.0,0.502,P129,Servicios de limpieza,-0.001581355789208927,-0.0031383649997599374
E10_r00_p068_502,E10,0.0,0.502,P130,Servicios telefónicos de centros de llamadas,-0.00045341034751959867,-0.0016682493752920857
E10_r00_p068_502,E10,0.0,0.502,P131,"Servicios administrativos, de apoyo de oficina y otros servicios de apoyo a las empresas",-0.005788121269108007,-0.007388095196727211
E10_r00_p068_502,E10,0.0,0.502,P132,"Servicios de mantenimiento, reparación e instalación de productos metálicos elaborados, maquinaria y equipo",-0.003303878537978884,-0.00637578552007684
E10_r00_p068_502,E10,0.0,0.502,P133,Servicios de reparación de otros bienes,-0.0016590439298311774,-0.0028163157899392826
E10_r00_p068_502,E10,0.0,0.502,P134,"Servicios de apoyo a la agricultura, caza, silvicultura y pesca",-0.005393235323384819,-0.006141319569782161
E10_r00_p068_502,E10,0.0,0.502,P135,"Servicios de apoyo a la explotación de minas y canteras y los relacionados con la distribución de electricidad, gas y agua",-0.0009775432247977043,-0.0030923892571346947
E10_r00_p068_502,E10,0.0,0.502,P136,Servicios de manufactura,-0.005046820415195023,-0.008133079353039615
E10_r00_p068_502,E10,0.0,0.502,P137,Servicios públicos del gobierno general,-0.007556188259196008,-0.01175442233881346
E10_r00_p068_502,E10,0.0,0.502,P138,"Servicios públicos administrativos relacionados con la provisión de servicios educativos, de salud, servicios sociales, culturales y otros, sin contar los servicios de seguridad social",-0.00035453772621204805,-0.002568712990807292
E10_r00_p068_502,E10,0.0,0.502,P139,Otros servicios administrativos,-0.0006528828590979656,-0.004057478251286461
E10_r00_p068_502,E10,0.0,0.502,P140,Servicios públicos administrativos prestados a la comunidad en su conjunto,-0.0010376066323403766,-0.0021065071675089807
E10_r00_p068_502,E10,0.0,0.502,P141,Servicios administrativos relacionados con los sistemas de seguridad social de afiliación obligatoria,-0.0012140624396712637,-0.002144088684502155
E10_r00_p068_502,E10,0.0,0.502,P142,Servicios de enseñanza,-0.0007656176995453516,-0.0015259631083300795
E10_r00_p068_502,E10,0.0,0.502,P143,Servicios de hospitalización,-0.0018892118862927352,-0.0033580555036633883
E10_r00_p068_502,E10,0.0,0.502,P144,Servicios médicos y dentales,-0.001971150756895389,-0.0035113638440104145
E10_r00_p068_502,E10,0.0,0.502,P145,Otros servicios de atención de la salud humana,-0.0017600432921283354,-0.003983129725126426
E10_r00_p068_502,E10,0.0,0.502,P146,"Servicios audiovisuales, recreativos, culturales y deportivos",-0.003546336603730121,-0.006481558282526774
E10_r00_p068_502,E10,0.0,0.502,P147,Servicios de asociaciones que sirven a las empresas,-0.002817305499456427,-0.004920339295423595
E10_r00_p068_502,E10,0.0,0.502,P148,Servicios de asociaciones que sirven a los hogares,-0.0024027054672356354,-0.005278904197352973
E10_r00_p068_502,E10,0.0,0.502,P149,Otros servicios,-0.00115367928066811,-0.0020006188391670445
E10_r00_p068_502,E10,0.0,0.502,P150,Servicios domésticos,-0.0,0.0
E10_r00_p068_502,E10,0.0,0.502,P151,Compras directas en el exterior por residentes,-0.0,0.0
E10_r00_p068_502,E10,0.0,0.502,P152,Compras directas en el territorio nacional por no residentes,-0.0,0.0
E10_r15_p068_450,E10,0.15,0.45,P001,Maíz,0.0015038336875414248,0.00233391763820425
E10_r15_p068_450,E10,0.15,0.45,P002,Frijoles,0.00013283718912845163,0.0011556350455265746
E10_r15_p068_450,E10,0.15,0.45,P003,Leguminosas (legumbres secas) y semillas oleaginosas,0.0036756350872332103,0.005588896650268538
E10_r15_p068_450,E10,0.15,0.45,P004,Arroz,0.0018253364218086662,0.004049786821979494
E10_r15_p068_450,E10,0.15,0.45,P005,Otros cereales,0.0012282274628652066,0.0021818642524403242
E10_r15_p068_450,E10,0.15,0.45,P006,Hortalizas,0.002382009610501133,0.0038660409237567294
E10_r15_p068_450,E10,0.15,0.45,P007,Sandías y melones,0.0017983592952812847,0.003334760544093593
E10_r15_p068_450,E10,0.15,0.45,P008,Ejotes y arvejas,0.0017402098475554283,0.0030652057428316223
E10_r15_p068_450,E10,0.15,0.45,P009,Raíces y tubérculos,0.002254286663709407,0.004398948431663076
E10_r15_p068_450,E10,0.15,0.45,P010,Caña de azúcar y otras plantas azucareras,0.0038381293966860794,0.00708796269516591
E10_r15_p068_450,E10,0.15,0.45,P011,Tabaco y otras plantas no perennes,0.0003584956437720925,0.0023914928189242715
E10_r15_p068_450,E10,0.15,0.45,P012,"Bananos, plátanos y otros",0.0036874367248959034,0.006821413379182449
E10_r15_p068_450,E10,0.15,0.45,P013,Frutas tropicales y subtropicales,0.00224893237047127,0.0035865663208820113
E10_r15_p068_450,E10,0.15,0.45,P014,"Berries, otras frutas y semillas de frutas",0.00268751155205542,0.0039031745547035085
E10_r15_p068_450,E10,0.15,0.45,P015,Palma africana,0.0030261611227228443,0.0062989941862770845
E10_r15_p068_450,E10,0.15,0.45,P016,Café en grano,0.00013937419498011083,0.002639347706115773
E10_r15_p068_450,E10,0.15,0.45,P017,Cardamomo,0.0015148409258434698,0.004302018758707448
E10_r15_p068_450,E10,0.15,0.45,P018,Caucho natural,0.005782603190318185,0.01192986076733537
E10_r15_p068_450,E10,0.15,0.45,P019,Propagación de plantas,0.014727058455449044,0.01885866919367313
E10_r15_p068_450,E10,0.15,0.45,P020,"Otros frutos oleaginosos, otras plantas bebestibles y especias aromáticas",0.010648343394959922,0.012927710810103316
E10_r15_p068_450,E10,0.15,0.45,P021,Ganado bovino,0.0011136909487430519,0.0022076239903220697
E10_r15_p068_450,E10,0.15,0.45,P022,Ganado porcino y otro tipo de animales vivos n.c.p.,0.0026812306969804128,0.004685918883410492
E10_r15_p068_450,E10,0.15,0.45,P023,Aves de corral,0.0011413669386978829,0.0033183400119663766
E10_r15_p068_450,E10,0.15,0.45,P024,Leche cruda,0.0020947176129742845,0.004661815295575348
E10_r15_p068_450,E10,0.15,0.45,P025,Huevos,0.0011529556883005368,0.002443102744362371
E10_r15_p068_450,E10,0.15,0.45,P026,Otros productos de animales vivos,0.0,0.002330036703367031
E10_r15_p068_450,E10,0.15,0.45,P027,Troncos de madera y leña,0.0064217194890462724,0.00887388927861331
E10_r15_p068_450,E10,0.15,0.45,P028,Productos forestales no madereros,0.005098579908343078,0.008777633877834983
E10_r15_p068_450,E10,0.15,0.45,P029,"Peces vivos, frescos o refrigerados",0.044252297110416644,0.045405851391991665
E10_r15_p068_450,E10,0.15,0.45,P030,Crustáceos sin congelar y otros productos de la pesca,0.004458363468167613,0.006776186441640524
E10_r15_p068_450,E10,0.15,0.45,P031,Petróleo crudo y gas natural,0.011072555444090599,0.013186339547304542
E10_r15_p068_450,E10,0.15,0.45,P032,Minerales metálicos,0.0039546314608750145,0.00615150006910798
E10_r15_p068_450,E10,0.15,0.45,P033,Minerales no metálicos,0.012989206788836761,0.015529639635434255
E10_r15_p068_450,E10,0.15,0.45,P034,Carne y despojos comestibles de ganado bovino; cueros y pieles de bovino y de otros animales,0.0023506076349267303,0.005723090419640652
E10_r15_p068_450,E10,0.15,0.45,P035,Carne y despojos comestibles de ganado porcino,0.0010272378663006923,0.005153927933719931
E10_r15_p068_450,E10,0.15,0.45,P036,Carne y despojos comestibles de aves,0.002155133391239738,0.005800363766190216
E10_r15_p068_450,E10,0.15,0.45,P037,Carne y despojos de otros animales y conservas y preparados de carne,0.003201427971504855,0.006199677035336863
E10_r15_p068_450,E10,0.15,0.45,P038,"Pescado congelado, preparado o en conserva y sus productos",0.0007681951058979372,0.0031881865196011928
E10_r15_p068_450,E10,0.15,0.45,P039,"Crustáceos, moluscos y demás invertebrados acuáticos congelados, preparados o en conserva y sus productos",0.0015859766333833191,0.004391948980532397
E10_r15_p068_450,E10,0.15,0.45,P040,"Vegetales preparados o en conserva, legumbres y papas",0.007019205320121801,0.010468669524551407
E10_r15_p068_450,E10,0.15,0.45,P041,Preparaciones y conservas de frutas y nueces,0.002295765757668674,0.004654952410945781
E10_r15_p068_450,E10,0.15,0.45,P042,Jugos de frutas,0.005454393436837524,0.008669453581321276
E10_r15_p068_450,E10,0.15,0.45,P043,Aceites de origen vegetal,0.002897790081179002,0.0067643116580153465
E10_r15_p068_450,E10,0.15,0.45,P044,"Margarina, grasas y otros aceites de origen animal y vegetal",0.003645170721617126,0.007597238608659478
E10_r15_p068_450,E10,0.15,0.45,P045,Leche líquida y crema procesada,0.002509483969304884,0.006361531305026543
E10_r15_p068_450,E10,0.15,0.45,P046,Otros productos lácteos n.c.p.,0.0025984281477536984,0.0062393084632615566
E10_r15_p068_450,E10,0.15,0.45,P047,Harina de trigo,0.003639524228291072,0.007014523795377148
E10_r15_p068_450,E10,0.15,0.45,P048,Arroz sin cáscara,0.004118443925030879,0.005796342917205342
E10_r15_p068_450,E10,0.15,0.45,P049,"Otros productos de molinería, almidones y productos de almidón",0.006087877464962718,0.008669393211933654
E10_r15_p068_450,E10,0.15,0.45,P050,Pan y otros productos de panadería y repostería n.c.p.,0.0006523538197548308,0.0041087171087759436
E10_r15_p068_450,E10,0.15,0.45,P051,"Tortillas de maíz, incluso tostadas, horneadas o fritas",6.195471694701343e-05,0.00212875754429297
E10_r15_p068_450,E10,0.15,0.45,P052,"Azúcar de caña sin refinar y refinada, melaza y los demás azúcares n.c.p.",0.0002946890400004061,0.006364677984022757
E10_r15_p068_450,E10,0.15,0.45,P053,Productos alimenticios n.c.p.,0.006515596149092734,0.009166025132311347
E10_r15_p068_450,E10,0.15,0.45,P054,Preparados para alimentación animal,0.0005325987410789475,0.002560223841515224
E10_r15_p068_450,E10,0.15,0.45,P055,"Aguardientes, licores, vinos, demás bebidas espirituosas y productos del tabaco",0.000844669726652208,0.0036498085545907
E10_r15_p068_450,E10,0.15,0.45,P056,Malta y cerveza de malta,0.009786108788432587,0.012702885693394679
E10_r15_p068_450,E10,0.15,0.45,P057,Bebidas no alcohólicas,0.008675687341624922,0.012846390394511697
E10_r15_p068_450,E10,0.15,0.45,P058,Aguas minerales y otras aguas embotelladas,0.009014734994889598,0.011637268279094764
E10_r15_p068_450,E10,0.15,0.45,P059,"Hilados, tejidos, telas y otros productos textiles excepto prendas de vestir",0.003364512996415563,0.005911593280666451
E10_r15_p068_450,E10,0.15,0.45,P060,"Prendas de vestir, adobo y teñido de pieles",0.003219547771097048,0.006146382753279678
E10_r15_p068_450,E10,0.15,0.45,P061,Cuero de piel curtida o adobada y cuero artificial o regenerado y artículos de cuero,0.00425144763714283,0.007243009501354838
E10_r15_p068_450,E10,0.15,0.45,P062,"Calzado y sus partes, de cualquier material y de cualquier uso",0.00026505601725272974,0.003075051467808963
E10_r15_p068_450,E10,0.15,0.45,P063,"Madera aserrada y acepillada, productos de madera, corcho, paja y materiales trenzables",0.0044432757857406505,0.009967219206680804
E10_r15_p068_450,E10,0.15,0.45,P064,Pasta de papel y papel,0.0012871136115882279,0.00383325565069095
E10_r15_p068_450,E10,0.15,0.45,P065,Envases de papel y cartón,0.001758560787345913,0.003906779340976509
E10_r15_p068_450,E10,0.15,0.45,P066,Productos de la edición,0.001909908946771151,0.003979057603392853
E10_r15_p068_450,E10,0.15,0.45,P067,Productos de la impresión,0.003205502117211303,0.005502122792541467
E10_r15_p068_450,E10,0.15,0.45,P068,"Gasolinas, diésel oil y fuel oils",0.005632257009933474,0.006847993536623521
E10_r15_p068_450,E10,0.15,0.45,P069,"Aceites, grasas lubricantes y otros aceites preparados",0.0,0.0
E10_r15_p068_450,E10,0.15,0.45,P070,"Gases de petróleo, otros productos de la refinación de petróleo n.c.p.",0.011659706812470968,0.013920983075289254
E10_r15_p068_450,E10,0.15,0.45,P071,"Abonos, fertilizantes y pesticidas",0.00040471819736060435,0.0018416055709996881
E10_r15_p068_450,E10,0.15,0.45,P072,"Pinturas, barnices, tintas y productos relacionados",0.0018842028224364238,0.003881838097497837
E10_r15_p068_450,E10,0.15,0.45,P073,"Jabón, preparados de limpieza, perfumes y preparados de toilet",0.002631635543670365,0.004139966015861817
E10_r15_p068_450,E10,0.15,0.45,P074,Otros productos químicos,0.006349867766503183,0.01039277187938488
E10_r15_p068_450,E10,0.15,0.45,P075,Productos farmacéuticos,0.0013611267189982987,0.0036111747391442376
E10_r15_p068_450,E10,0.15,0.45,P076,Productos de caucho y plástico,0.0008687963128454176,0.0030876042974359898
E10_r15_p068_450,E10,0.15,0.45,P077,Vidrio y productos de vidrio,0.017742155195317955,0.024307974751325817
E10_r15_p068_450,E10,0.15,0.45,P078,Productos de cerámica y arcilla,0.006556455948345143,0.011584998819918434
E10_r15_p068_450,E10,0.15,0.45,P079,"Cemento, cal y yeso",0.00345448147909834,0.008665433593744882
E10_r15_p068_450,E10,0.15,0.45,P080,"Artículos de hormigón, cemento y yeso",0.0037295596844525037,0.009749642936459607
E10_r15_p068_450,E10,0.15,0.45,P081,Piedras talladas para construcción y otros productos minerales no metálicos n.c.p.,0.0022933197424878002,0.005795758896110847
E10_r15_p068_450,E10,0.15,0.45,P082,"Métales básicos de hierro y acero, productos primarios de metales preciosos y otros metales no ferrosos",0.002952017013604533,0.006669378002777811
E10_r15_p068_450,E10,0.15,0.45,P083,Productos metálicos estructurales y sus partes de hierro o de acero,0.0012784404346490744,0.0028257448218661553
E10_r15_p068_450,E10,0.15,0.45,P084,Otros productos elaborados de metal,0.003244237883479899,0.0048017940243805434
E10_r15_p068_450,E10,0.15,0.45,P085,"Maquinaria para usos generales y especiales, sus partes y piezas, excepto electrodomésticos",0.0002868603504785918,0.0017049219325628976
E10_r15_p068_450,E10,0.15,0.45,P086,Electrodomésticos y sus partes,0.0,0.0
E10_r15_p068_450,E10,0.15,0.45,P087,"Maquinaria de oficina, contabilidad e informática, sus partes y piezas",0.0,0.0
E10_r15_p068_450,E10,0.15,0.45,P088,"Maquinaria y aparatos eléctricos, sus partes y piezas",0.0005070697830989614,0.0024211128659493986
E10_r15_p068_450,E10,0.15,0.45,P089,"Equipo y aparatos de radio, televisión y comunicaciones",0.0,0.0
E10_r15_p068_450,E10,0.15,0.45,P090,"Aparatos médicos, instrumentos ópticos y de precisión, relojes",0.0011871153746762105,0.004048276723597854
E10_r15_p068_450,E10,0.15,0.45,P091,Equipo de transporte,0.0034069096167959395,0.005651491153361823
E10_r15_p068_450,E10,0.15,0.45,P092,Muebles,0.0017810045040140103,0.00624680638141139
E10_r15_p068_450,E10,0.15,0.45,P093,Otros artículos n.c.p.,0.0029609397024704283,0.005217891388207458
E10_r15_p068_450,E10,0.15,0.45,P094,Residuos y desechos,0.012795332440649676,0.014278080450703405
E10_r15_p068_450,E10,0.15,0.45,P095,"Generación y distribución de energía eléctrica, gas, vapor y aire acondicionado",0.02083675196275207,0.02245726071512858
E10_r15_p068_450,E10,0.15,0.45,P096,Agua natural y distribución de agua natural,0.00913131908240441,0.012559461039790207
E10_r15_p068_450,E10,0.15,0.45,P097,"Evacuación de aguas residuales, recogida, tratamiento y eliminación de desechos",0.016143607495048094,0.017688904740759095
E10_r15_p068_450,E10,0.15,0.45,P098,Edificaciones residenciales,6.231545747906748e-05,0.0033360676515115885
E10_r15_p068_450,E10,0.15,0.45,P099,Edificaciones no residenciales,0.000150433269712262,0.0038793671356956443
E10_r15_p068_450,E10,0.15,0.45,P100,Obras de ingeniería civil,0.004666731632359145,0.008573405773086485
E10_r15_p068_450,E10,0.15,0.45,P101,Servicios generales y especializados de construcción,0.0037947550003734946,0.007644498831150191
E10_r15_p068_450,E10,0.15,0.45,P102,Servicios de comercio,0.0026809722582206313,0.004479512772484671
E10_r15_p068_450,E10,0.15,0.45,P103,Mantenimiento y reparación de vehículos automotores y motocicletas,0.006947750768570839,0.00829999463968787
E10_r15_p068_450,E10,0.15,0.45,P104,Servicio de transporte de pasajeros por vía terrestre,0.03989906547450479,0.041408003384053906
E10_r15_p068_450,E10,0.15,0.45,P105,Servicio de transporte de carga por vía terrestre,0.04294330013912536,0.04478747314798218
E10_r15_p068_450,E10,0.15,0.45,P106,Otros tipos de transporte,0.009197960284269602,0.011122432808043975
E10_r15_p068_450,E10,0.15,0.45,P107,Servicios de almacenamiento y depósito,0.00041351550478804913,0.003101471156649771
E10_r15_p068_450,E10,0.15,0.45,P108,Otros servicios de apoyo al transporte,0.003677507477272075,0.007851409961455778
E10_r15_p068_450,E10,0.15,0.45,P109,Servicios postales y de mensajería,0.013489367754924902,0.017801539235628546
E10_r15_p068_450,E10,0.15,0.45,P110,Servicio de alojamiento,0.004492516677391047,0.007196784782170753
E10_r15_p068_450,E10,0.15,0.45,P111,Servicio de suministro de comidas y bebidas,0.000720133592851126,0.003971814843067963
E10_r15_p068_450,E10,0.15,0.45,P112,"Servicios de información, telecomunicaciones y radiodifusión",0.0021020986740249263,0.0030560925124642874
E10_r15_p068_450,E10,0.15,0.45,P113,Servicios de banco central,0.0005528829110010153,0.00272926891901291
E10_r15_p068_450,E10,0.15,0.45,P114,Otros servicios financieros y servicios de banca de inversión,0.00017687728063993532,0.002678781023805369
E10_r15_p068_450,E10,0.15,0.45,P115,Servicios de Intermediación Financiera Medidos Indirectamente (SIFMI),0.00010264802494054927,0.0015727197359362921
E10_r15_p068_450,E10,0.15,0.45,P116,"Servicios de seguro, reaseguro y fondos de pensiones",0.00011492285426362447,0.001353548337624532
E10_r15_p068_450,E10,0.15,0.45,P117,Servicios auxiliares de la intermediación financiera,0.0013974371702587976,0.002980853189391859
E10_r15_p068_450,E10,0.15,0.45,P118,Servicios de alquiler de vivienda,1.5932202599038642e-10,0.00035702816679405883
E10_r15_p068_450,E10,0.15,0.45,P119,"Otros servicios inmobiliarios, excepto alquiler de vivienda",0.0008486047242127017,0.002696320120732584
E10_r15_p068_450,E10,0.15,0.45,P120,"Servicios jurídicos, de contabilidad, auditoría, teneduría de libros y consultoría fiscal",0.000649337793445699,0.00145498632971952
E10_r15_p068_450,E10,0.15,0.45,P121,Servicios de tecnología de la información,0.0037160578357114246,0.005155341351695591
E10_r15_p068_450,E10,0.15,0.45,P122,"Servicios de arquitectura e ingeniería, ensayos y análisis técnicos",0.0036329304049599886,0.005419753661387633
E10_r15_p068_450,E10,0.15,0.45,P123,"Otros servicios profesionales, científicos y técnicos",0.0008767060640788582,0.001965966991306377
E10_r15_p068_450,E10,0.15,0.45,P124,Servicios de publicidad y estudios de mercado,0.0013563422451102086,0.0032842414060737027
E10_r15_p068_450,E10,0.15,0.45,P125,Servicios de arrendamiento o alquiler sin operador,0.004489415186845265,0.005923537170782876
E10_r15_p068_450,E10,0.15,0.45,P126,Servicios  de agencias de empleo y de dotación de recursos humanos,0.000866659923038313,0.0013039203127802297
E10_r15_p068_450,E10,0.15,0.45,P127,"Servicios de agencias de viajes, operadores turísticos y actividades conexas",0.0030933965565871314,0.004767892109509323
E10_r15_p068_450,E10,0.15,0.45,P128,"Servicios de seguridad, sistemas de seguridad e investigación privada",0.0020916215317570716,0.00281595696914292
E10_r15_p068_450,E10,0.15,0.45,P129,Servicios de limpieza,0.0014286009995156663,0.0028352072355234408
E10_r15_p068_450,E10,0.15,0.45,P130,Servicios telefónicos de centros de llamadas,0.00040961210631876673,0.0015071008948440922
E10_r15_p068_450,E10,0.15,0.45,P131,"Servicios administrativos, de apoyo de oficina y otros servicios de apoyo a las empresas",0.005229004052593446,0.006674424727556942
E10_r15_p068_450,E10,0.15,0.45,P132,"Servicios de mantenimiento, reparación e instalación de productos metálicos elaborados, maquinaria y equipo",0.0029847326034049136,0.005759901490123098
E10_r15_p068_450,E10,0.15,0.45,P133,Servicios de reparación de otros bienes,0.001498784671084593,0.002544267128191129
E10_r15_p068_450,E10,0.15,0.45,P134,"Servicios de apoyo a la agricultura, caza, silvicultura y pesca",0.004872263045538325,0.005548084330930269
E10_r15_p068_450,E10,0.15,0.45,P135,"Servicios de apoyo a la explotación de minas y canteras y los relacionados con la distribución de electricidad, gas y agua",0.0008831151329419527,0.002793672628121299
E10_r15_p068_450,E10,0.15,0.45,P136,Servicios de manufactura,0.00455931090190047,0.007347445383372575
E10_r15_p068_450,E10,0.15,0.45,P137,Servicios públicos del gobierno general,0.006826280444463446,0.010618976207978201
E10_r15_p068_450,E10,0.15,0.45,P138,"Servicios públicos administrativos relacionados con la provisión de servicios educativos, de salud, servicios sociales, culturales y otros, sin contar los servicios de seguridad social",0.0003202903189078762,0.002320582105037807
E10_r15_p068_450,E10,0.15,0.45,P139,Otros servicios administrativos,0.0005898161004871567,0.003665536576181015
E10_r15_p068_450,E10,0.15,0.45,P140,Servicios públicos administrativos prestados a la comunidad en su conjunto,0.0009373765740643855,0.0019030241426539923
E10_r15_p068_450,E10,0.15,0.45,P141,Servicios administrativos relacionados con los sistemas de seguridad social de afiliación obligatoria,0.0010967872167821477,0.0019369753844340728
E10_r15_p068_450,E10,0.15,0.45,P142,Servicios de enseñanza,0.0006916610533070035,0.0013785591052061254
E10_r15_p068_450,E10,0.15,0.45,P143,Servicios de hospitalización,0.001706719011288926,0.003033676217394733
E10_r15_p068_450,E10,0.15,0.45,P144,Servicios médicos y dentales,0.0017807428035568845,0.0031721753772602133
E10_r15_p068_450,E10,0.15,0.45,P145,Otros servicios de atención de la salud humana,0.0015900277619264997,0.003598369921143897
E10_r15_p068_450,E10,0.15,0.45,P146,"Servicios audiovisuales, recreativos, culturales y deportivos",0.003203769860824464,0.005855456883279181
E10_r15_p068_450,E10,0.15,0.45,P147,Servicios de asociaciones que sirven a las empresas,0.0025451612343847323,0.004445047524007684
E10_r15_p068_450,E10,0.15,0.45,P148,Servicios de asociaciones que sirven a los hogares,0.002170610469483086,0.004768976004102474
E10_r15_p068_450,E10,0.15,0.45,P149,Otros servicios,0.0010422369113452087,0.0018073643469656306
E10_r15_p068_450,E10,0.15,0.45,P150,Servicios domésticos,0.0,0.0
E10_r15_p068_450,E10,0.15,0.45,P151,Compras directas en el exterior por residentes,0.0,0.0
E10_r15_p068_450,E10,0.15,0.45,P152,Compras directas en el territorio nacional por no residentes,0.0,0.0
E10_r15_p068_502,E10,0.15,0.502,P001,Maíz,0.0016776100247684336,0.002603614787507851
E10_r15_p068_502,E10,0.15,0.502,P002,Frijoles,0.00014818726431662827,0.0012891750952318676
E10_r15_p068_502,E10,0.15,0.502,P003,Leguminosas (legumbres secas) y semillas oleaginosas,0.004100375141757936,0.006234724707632901
E10_r15_p068_502,E10,0.15,0.502,P004,Arroz,0.0020362641861065567,0.004517762188074902
E10_r15_p068_502,E10,0.15,0.502,P005,Otros cereales,0.0013701559696851862,0.0024339907882778736
E10_r15_p068_502,E10,0.15,0.502,P006,Hortalizas,0.002657264054381264,0.004312783430501952
E10_r15_p068_502,E10,0.15,0.502,P007,Sandías y melones,0.002006169702736011,0.0037201106514110757
E10_r15_p068_502,E10,0.15,0.502,P008,Ejotes y arvejas,0.0019413007632729446,0.0034194072953366117
E10_r15_p068_502,E10,0.15,0.502,P009,Raíces y tubérculos,0.0025147820115158275,0.004907271361544144
E10_r15_p068_502,E10,0.15,0.502,P010,Caña de azúcar y otras plantas azucareras,0.0042816465714142484,0.007907016162162859
E10_r15_p068_502,E10,0.15,0.502,P011,Tabaco y otras plantas no perennes,0.0003999218070524232,0.002667843100222187
E10_r15_p068_502,E10,0.15,0.502,P012,"Bananos, plátanos y otros",0.004113540524217208,0.007609665591887977
E10_r15_p068_502,E10,0.15,0.502,P013,Frutas tropicales y subtropicales,0.00250880899994795,0.004001013984628374
E10_r15_p068_502,E10,0.15,0.502,P014,"Berries, otras frutas y semillas de frutas",0.002998068442515157,0.00435420805880258
E10_r15_p068_502,E10,0.15,0.502,P015,Palma africana,0.0033758508524597062,0.0070268779589135475
E10_r15_p068_502,E10,0.15,0.502,P016,Café en grano,0.00015547965751114585,0.0029443389966002623
E10_r15_p068_502,E10,0.15,0.502,P017,Cardamomo,0.001689889210607604,0.004799140926380309
E10_r15_p068_502,E10,0.15,0.502,P018,Caucho natural,0.006450815114532729,0.013308422456005239
E10_r15_p068_502,E10,0.15,0.502,P019,Propagación de plantas,0.0164288518769676,0.021037893189386474
E10_r15_p068_502,E10,0.15,0.502,P020,"Otros frutos oleaginosos, otras plantas bebestibles y especias aromáticas",0.011878818631710844,0.01442157961482636
E10_r15_p068_502,E10,0.15,0.502,P021,Ganado bovino,0.0012423841250422491,0.0024627272069815084
E10_r15_p068_502,E10,0.15,0.502,P022,Ganado porcino y otro tipo de animales vivos n.c.p.,0.002991061799742594,0.005227402843271259
E10_r15_p068_502,E10,0.15,0.502,P023,Aves de corral,0.0012732582293918605,0.0037017926355713804
E10_r15_p068_502,E10,0.15,0.502,P024,Leche cruda,0.0023367738704735347,0.005200513951952941
E10_r15_p068_502,E10,0.15,0.502,P025,Huevos,0.001286186123393043,0.0027254168392664667
E10_r15_p068_502,E10,0.15,0.502,P026,Otros productos de animales vivos,0.0,0.0025992853890894427
E10_r15_p068_502,E10,0.15,0.502,P027,Troncos de madera y leña,0.007163784852224952,0.009899316484141961
E10_r15_p068_502,E10,0.15,0.502,P028,Productos forestales no madereros,0.005687749142196056,0.00979193823705147
E10_r15_p068_502,E10,0.15,0.502,P029,"Peces vivos, frescos o refrigerados",0.04936589588762034,0.05065274977506627
E10_r15_p068_502,E10,0.15,0.502,P030,Crustáceos sin congelar y otros productos de la pesca,0.004973552135600314,0.007559212430452318
E10_r15_p068_502,E10,0.15,0.502,P031,Petróleo crudo y gas natural,0.012352050739852178,0.014710094339437504
E10_r15_p068_502,E10,0.15,0.502,P032,Minerales metálicos,0.004411611096353904,0.0068623400770937894
E10_r15_p068_502,E10,0.15,0.502,P033,Minerales no metálicos,0.014490181795546786,0.017324175771084426
E10_r15_p068_502,E10,0.15,0.502,P034,Carne y despojos comestibles de ganado bovino; cueros y pieles de bovino y de otros animales,0.002622233406073819,0.006384425312576906
E10_r15_p068_502,E10,0.15,0.502,P035,Carne y despojos comestibles de ganado porcino,0.001145940908628772,0.005749492939394234
E10_r15_p068_502,E10,0.15,0.502,P036,Carne y despojos comestibles de aves,0.002404171027560774,0.006470628023616638
E10_r15_p068_502,E10,0.15,0.502,P037,Carne y despojos de otros animales y conservas y preparados de carne,0.003571370759323194,0.006916084159420233
E10_r15_p068_502,E10,0.15,0.502,P038,"Pescado congelado, preparado o en conserva y sus productos",0.0008569643181350321,0.0035565991840884417
E10_r15_p068_502,E10,0.15,0.502,P039,"Crustáceos, moluscos y demás invertebrados acuáticos congelados, preparados o en conserva y sus productos",0.001769245044352058,0.004899463084949476
E10_r15_p068_502,E10,0.15,0.502,P040,"Vegetales preparados o en conserva, legumbres y papas",0.007830313490446987,0.011678382447388454
E10_r15_p068_502,E10,0.15,0.502,P041,Preparaciones y conservas de frutas y nueces,0.002561054245221498,0.005192858022877293
E10_r15_p068_502,E10,0.15,0.502,P042,Jugos de frutas,0.00608467890064986,0.009671257106273956
E10_r15_p068_502,E10,0.15,0.502,P043,Aceites de origen vegetal,0.00323264582389302,0.007545965449608229
E10_r15_p068_502,E10,0.15,0.502,P044,"Margarina, grasas y otros aceites de origen animal y vegetal",0.004066390449448438,0.008475141736771242
E10_r15_p068_502,E10,0.15,0.502,P045,Leche líquida y crema procesada,0.0027994687835356706,0.007096641589162943
E10_r15_p068_502,E10,0.15,0.502,P046,Otros productos lácteos n.c.p.,0.0028986909559385703,0.006960295219016228
E10_r15_p068_502,E10,0.15,0.502,P047,Harina de trigo,0.004060091472449152,0.007825090989509622
E10_r15_p068_502,E10,0.15,0.502,P048,Arroz sin cáscara,0.004594353000812225,0.006466142543193516
E10_r15_p068_502,E10,0.15,0.502,P049,"Otros productos de molinería, almidones y productos de almidón",0.0067913655275806326,0.009671189760868207
E10_r15_p068_502,E10,0.15,0.502,P050,Pan y otros productos de panadería y repostería n.c.p.,0.000727736927815389,0.004583502196901163
E10_r15_p068_502,E10,0.15,0.502,P051,"Tortillas de maíz, incluso tostadas, horneadas o fritas",6.911392868311277e-05,0.0023747473049668243
E10_r15_p068_502,E10,0.15,0.502,P052,"Azúcar de caña sin refinar y refinada, melaza y los demás azúcares n.c.p.",0.00032874199573378635,0.007100151884398719
E10_r15_p068_502,E10,0.15,0.502,P053,Productos alimenticios n.c.p.,0.007268509481876784,0.010225210258711767
E10_r15_p068_502,E10,0.15,0.502,P054,Preparados para alimentación animal,0.0005941434844925147,0.0028560719298680944
E10_r15_p068_502,E10,0.15,0.502,P055,"Aguardientes, licores, vinos, demás bebidas espirituosas y productos del tabaco",0.0009422760061764631,0.004071564209787847
E10_r15_p068_502,E10,0.15,0.502,P056,Malta y cerveza de malta,0.010916948026207018,0.014170774706853625
E10_r15_p068_502,E10,0.15,0.502,P057,Bebidas no alcohólicas,0.009678211212212691,0.014330862173433056
E10_r15_p068_502,E10,0.15,0.502,P058,Aguas minerales y otras aguas embotelladas,0.010056437705410173,0.0129820192802346
E10_r15_p068_502,E10,0.15,0.502,P059,"Hilados, tejidos, telas y otros productos textiles excepto prendas de vestir",0.00375330116489025,0.006594710726432349
E10_r15_p068_502,E10,0.15,0.502,P060,"Prendas de vestir, adobo y teñido de pieles",0.0035915844024238175,0.006856631426991994
E10_r15_p068_502,E10,0.15,0.502,P061,Cuero de piel curtida o adobada y cuero artificial o regenerado y artículos de cuero,0.004742726030768223,0.008079979488178065
E10_r15_p068_502,E10,0.15,0.502,P062,"Calzado y sus partes, de cualquier material y de cualquier uso",0.00029568471257971187,0.003430390748533556
E10_r15_p068_502,E10,0.15,0.502,P063,"Madera aserrada y acepillada, productos de madera, corcho, paja y materiales trenzables",0.004956720987648458,0.011118986759452807
E10_r15_p068_502,E10,0.15,0.502,P064,Pasta de papel y papel,0.0014358467400384233,0.004276209636993016
E10_r15_p068_502,E10,0.15,0.502,P065,Envases de papel y cartón,0.0019617722561058853,0.0043582293981560185
E10_r15_p068_502,E10,0.15,0.502,P066,Productos de la edición,0.002130609536175817,0.004438859815340473
E10_r15_p068_502,E10,0.15,0.502,P067,Productos de la impresión,0.003575915695200164,0.00613792364856848
E10_r15_p068_502,E10,0.15,0.502,P068,"Gasolinas, diésel oil y fuel oils",0.006283095597748009,0.007639317234188904
E10_r15_p068_502,E10,0.15,0.502,P069,"Aceites, grasas lubricantes y otros aceites preparados",0.0,0.0
E10_r15_p068_502,E10,0.15,0.502,P070,"Gases de petróleo, otros productos de la refinación de petróleo n.c.p.",0.013007050710800945,0.015529630008433791
E10_r15_p068_502,E10,0.15,0.502,P071,"Abonos, fertilizantes y pesticidas",0.00045148563350005195,0.0020544133258707624
E10_r15_p068_502,E10,0.15,0.502,P072,"Pinturas, barnices, tintas y productos relacionados",0.0021019329263624103,0.0043304060554309205
E10_r15_p068_502,E10,0.15,0.502,P073,"Jabón, preparados de limpieza, perfumes y preparados de toilet",0.002935735650938941,0.004618362088805849
E10_r15_p068_502,E10,0.15,0.502,P074,Otros productos químicos,0.007083630263965774,0.011593714407669358
E10_r15_p068_502,E10,0.15,0.502,P075,Productos farmacéuticos,0.0015184124731936577,0.004028466042334239
E10_r15_p068_502,E10,0.15,0.502,P076,Productos de caucho y plástico,0.000969190553440888,0.0034443941273619274
E10_r15_p068_502,E10,0.15,0.502,P077,Vidrio y productos de vidrio,0.01979235979566581,0.027116896278145685
E10_r15_p068_502,E10,0.15,0.502,P078,Productos de cerámica y arcilla,0.007314090857931693,0.01292370979466456
E10_r15_p068_502,E10,0.15,0.502,P079,"Cemento, cal y yeso",0.003853666005571926,0.009666772586799842
E10_r15_p068_502,E10,0.15,0.502,P080,"Artículos de hormigón, cemento y yeso",0.004160531025767015,0.010876268342450493
E10_r15_p068_502,E10,0.15,0.502,P081,Piedras talladas para construcción y otros productos minerales no metálicos n.c.p.,0.0025583255793975015,0.006465491035216989
E10_r15_p068_502,E10,0.15,0.502,P082,"Métales básicos de hierro y acero, productos primarios de metales preciosos y otros metales no ferrosos",0.0032931389796210567,0.007440061683098805
E10_r15_p068_502,E10,0.15,0.502,P083,Productos metálicos estructurales y sus partes de hierro o de acero,0.001426171329319634,0.0031522753346151316
E10_r15_p068_502,E10,0.15,0.502,P084,Otros productos elaborados de metal,0.003619127594459798,0.005356668000531183
E10_r15_p068_502,E10,0.15,0.502,P085,"Maquinaria para usos generales y especiales, sus partes y piezas, excepto electrodomésticos",0.0003200086576450068,0.0019019351336590537
E10_r15_p068_502,E10,0.15,0.502,P086,Electrodomésticos y sus partes,0.0,0.0
E10_r15_p068_502,E10,0.15,0.502,P087,"Maquinaria de oficina, contabilidad e informática, sus partes y piezas",0.0,0.0
E10_r15_p068_502,E10,0.15,0.502,P088,"Maquinaria y aparatos eléctricos, sus partes y piezas",0.000565664513590397,0.0027008859082368842
E10_r15_p068_502,E10,0.15,0.502,P089,"Equipo y aparatos de radio, televisión y comunicaciones",0.0,0.0
E10_r15_p068_502,E10,0.15,0.502,P090,"Aparatos médicos, instrumentos ópticos y de precisión, relojes",0.0013242931513054615,0.004516077589435827
E10_r15_p068_502,E10,0.15,0.502,P091,Equipo de transporte,0.0038005969502923594,0.006304552353305856
E10_r15_p068_502,E10,0.15,0.502,P092,Muebles,0.001986809468922296,0.006968659563263369
E10_r15_p068_502,E10,0.15,0.502,P093,Otros artículos n.c.p.,0.0033030927347559,0.005820847726400323
E10_r15_p068_502,E10,0.15,0.502,P094,Residuos y desechos,0.014273904189346973,0.015927991969451355
E10_r15_p068_502,E10,0.15,0.502,P095,"Generación y distribución de energía eléctrica, gas, vapor y aire acondicionado",0.023244554411781197,0.02505232195332121
E10_r15_p068_502,E10,0.15,0.502,P096,Agua natural y distribución de agua natural,0.010186493731926698,0.014010776537721521
E10_r15_p068_502,E10,0.15,0.502,P097,"Evacuación de aguas residuales, recogida, tratamiento y eliminación de desechos",0.018009091027809208,0.019732955955246816
E10_r15_p068_502,E10,0.15,0.502,P098,Edificaciones residenciales,6.951635478775971e-05,0.0037215688023529286
E10_r15_p068_502,E10,0.15,0.502,P099,Edificaciones no residenciales,0.00016781666976790115,0.004327649560264919
E10_r15_p068_502,E10,0.15,0.502,P100,Obras de ingeniería civil,0.005205998398765091,0.009564110440198701
E10_r15_p068_502,E10,0.15,0.502,P101,Servicios generales y especializados de construcción,0.004233260022638876,0.008527863140527546
E10_r15_p068_502,E10,0.15,0.502,P102,Servicios de comercio,0.002990773496948349,0.004997145359527343
E10_r15_p068_502,E10,0.15,0.502,P103,Mantenimiento y reparación de vehículos automotores y motocicletas,0.00775060196849458,0.009259105131385134
E10_r15_p068_502,E10,0.15,0.502,P104,Servicio de transporte de pasajeros por vía terrestre,0.044509624151558666,0.04619292821954457
E10_r15_p068_502,E10,0.15,0.502,P105,Servicio de transporte de carga por vía terrestre,0.047905637044090954,0.04996291448952678
E10_r15_p068_502,E10,0.15,0.502,P106,Otros tipos de transporte,0.01026083569489631,0.012407691710306833
E10_r15_p068_502,E10,0.15,0.502,P107,Servicios de almacenamiento y depósito,0.00046129951867466813,0.003459863379195967
E10_r15_p068_502,E10,0.15,0.502,P108,Otros servicios de apoyo al transporte,0.004102463896867959,0.008758684001446224
E10_r15_p068_502,E10,0.15,0.502,P109,Servicios postales y de mensajería,0.015048139139938447,0.019858605991745625
E10_r15_p068_502,E10,0.15,0.502,P110,Servicio de alojamiento,0.005011651937889568,0.008028413245888258
E10_r15_p068_502,E10,0.15,0.502,P111,Servicio de suministro de comidas y bebidas,0.0008033490302472562,0.004430780113822485
E10_r15_p068_502,E10,0.15,0.502,P112,"Servicios de información, telecomunicaciones y radiodifusión",0.002345007854134473,0.0034092409805712713
E10_r15_p068_502,E10,0.15,0.502,P113,Servicios de banco central,0.0006167716029389104,0.0030446511052099573
E10_r15_p068_502,E10,0.15,0.502,P114,Otros servicios financieros y servicios de banca de inversión,0.00019731643306943896,0.0029883290532228784
E10_r15_p068_502,E10,0.15,0.502,P115,Servicios de Intermediación Financiera Medidos Indirectamente (SIFMI),0.00011450957448923498,0.0017544562387555973
E10_r15_p068_502,E10,0.15,0.502,P116,"Servicios de seguro, reaseguro y fondos de pensiones",0.00012820282853408775,0.0015099583677500338
E10_r15_p068_502,E10,0.15,0.502,P117,Servicios auxiliares de la intermediación financiera,0.0015589187988220368,0.0033253073357215846
E10_r15_p068_502,E10,0.15,0.502,P118,Servicios de alquiler de vivienda,1.7773257121594218e-10,0.00039828475495692786
E10_r15_p068_502,E10,0.15,0.502,P119,"Otros servicios inmobiliarios, excepto alquiler de vivienda",0.0009466657145661695,0.003007894890239461
E10_r15_p068_502,E10,0.15,0.502,P120,"Servicios jurídicos, de contabilidad, auditoría, teneduría de libros y consultoría fiscal",0.0007243723829105352,0.0016231180833759977
E10_r15_p068_502,E10,0.15,0.502,P121,Servicios de tecnología de la información,0.004145468963393633,0.005751069685669301
E10_r15_p068_502,E10,0.15,0.502,P122,"Servicios de arquitectura e ingeniería, ensayos y análisis técnicos",0.00405273569619981,0.006046036306703538
E10_r15_p068_502,E10,0.15,0.502,P123,"Otros servicios profesionales, científicos y técnicos",0.0009780143203724152,0.0021931453991906693
E10_r15_p068_502,E10,0.15,0.502,P124,Servicios de publicidad y estudios de mercado,0.001513075126767388,0.003663753746331107
E10_r15_p068_502,E10,0.15,0.502,P125,Servicios de arrendamiento o alquiler sin operador,0.005008192052880717,0.006608034799406674
E10_r15_p068_502,E10,0.15,0.502,P126,Servicios  de agencias de empleo y de dotación de recursos humanos,0.0009668072919227403,0.0014545955489237232
E10_r15_p068_502,E10,0.15,0.502,P127,"Servicios de agencias de viajes, operadores turísticos y actividades conexas",0.0034508557142372003,0.005318848531052623
E10_r15_p068_502,E10,0.15,0.502,P128,"Servicios de seguridad, sistemas de seguridad e investigación privada",0.0023333200198712217,0.003141356441132768
E10_r15_p068_502,E10,0.15,0.502,P129,Servicios de limpieza,0.0015936837816819213,0.003162831182739483
E10_r15_p068_502,E10,0.15,0.502,P130,Servicios telefónicos de centros de llamadas,0.0004569450608267131,0.0016812547760260755
E10_r15_p068_502,E10,0.15,0.502,P131,"Servicios administrativos, de apoyo de oficina y otros servicios de apoyo a las empresas",0.005833244520893133,0.007445691584963522
E10_r15_p068_502,E10,0.15,0.502,P132,"Servicios de mantenimiento, reparación e instalación de productos metálicos elaborados, maquinaria y equipo",0.003329635037576148,0.0064254901067595455
E10_r15_p068_502,E10,0.15,0.502,P133,Servicios de reparación de otros bienes,0.0016719775664099238,0.002838271329670992
E10_r15_p068_502,E10,0.15,0.502,P134,"Servicios de apoyo a la agricultura, caza, silvicultura y pesca",0.005435280108578309,0.006189196298059987
E10_r15_p068_502,E10,0.15,0.502,P135,"Servicios de apoyo a la explotación de minas y canteras y los relacionados con la distribución de electricidad, gas y agua",0.0009851639927485783,0.0031164970207042046
E10_r15_p068_502,E10,0.15,0.502,P136,Servicios de manufactura,0.005086164606120078,0.008196483516562292
E10_r15_p068_502,E10,0.15,0.502,P137,Servicios públicos del gobierno general,0.007615095073601446,0.011846057903122351
E10_r15_p068_502,E10,0.15,0.502,P138,"Servicios públicos administrativos relacionados con la provisión de servicios educativos, de salud, servicios sociales, culturales y otros, sin contar los servicios de seguridad social",0.0003573016446483419,0.002588738259397731
E10_r15_p068_502,E10,0.15,0.502,P139,Otros servicios administrativos,0.0006579726276545615,0.004089109691650819
E10_r15_p068_502,E10,0.15,0.502,P140,Servicios públicos administrativos prestados a la comunidad en su conjunto,0.001045695644845159,0.002122929154694009
E10_r15_p068_502,E10,0.15,0.502,P141,Servicios administrativos relacionados con los sistemas de seguridad social de afiliación obligatoria,0.0012235270729436404,0.002160803651079788
E10_r15_p068_502,E10,0.15,0.502,P142,Servicios de enseñanza,0.0007715863305780351,0.0015378592684743885
E10_r15_p068_502,E10,0.15,0.502,P143,Servicios de hospitalización,0.001903939874815646,0.0033842343580714586
E10_r15_p068_502,E10,0.15,0.502,P144,Servicios médicos y dentales,0.0019865175275234582,0.003538737865299171
E10_r15_p068_502,E10,0.15,0.502,P145,Otros servicios de atención de la salud humana,0.0017737643033046732,0.004014181556476082
E10_r15_p068_502,E10,0.15,0.502,P146,"Servicios audiovisuales, recreativos, culturales y deportivos",0.0035739832669641806,0.006532087456458109
E10_r15_p068_502,E10,0.15,0.502,P147,Servicios de asociaciones que sirven a las empresas,0.0028392687548025237,0.004958697460115237
E10_r15_p068_502,E10,0.15,0.502,P148,Servicios de asociaciones que sirven a los hogares,0.0024214365681789088,0.005320057675687649
E10_r15_p068_502,E10,0.15,0.502,P149,Otros servicios,0.0011626731766562104,0.0020162153381705476
E10_r15_p068_502,E10,0.15,0.502,P150,Servicios domésticos,0.0,0.0
E10_r15_p068_502,E10,0.15,0.502,P151,Compras directas en el exterior por residentes,0.0,0.0
E10_r15_p068_502,E10,0.15,0.502,P152,Compras directas en el territorio nacional por no residentes,0.0,0.0
E10_r30_p068_450,E10,0.3,0.45,P001,Maíz,0.00449986810846262,0.006983698819185019
E10_r30_p068_450,E10,0.3,0.45,P002,Frijoles,0.0003974840010095672,0.0034579656842828477
E10_r30_p068_450,E10,0.3,0.45,P003,Leguminosas (legumbres secas) y semillas oleaginosas,0.010998472267520161,0.016723456859882448
E10_r30_p068_450,E10,0.3,0.45,P004,Arroz,0.005461889316457962,0.012118033208905435
E10_r30_p068_450,E10,0.3,0.45,P005,Otros cereales,0.0036751813953049615,0.006528714875780035
E10_r30_p068_450,E10,0.3,0.45,P006,Hortalizas,0.007127602719067466,0.011568216886579795
E10_r30_p068_450,E10,0.3,0.45,P007,Sandías y melones,0.005381166619311186,0.009978485484162199
E10_r30_p068_450,E10,0.3,0.45,P008,Ejotes y arvejas,0.005207168093068511,0.009171906230265602
E10_r30_p068_450,E10,0.3,0.45,P009,Raíces y tubérculos,0.006745421883680958,0.013162817087023838
E10_r30_p068_450,E10,0.3,0.45,P010,Caña de azúcar y otras plantas azucareras,0.011484698215888857,0.021209058920666872
E10_r30_p068_450,E10,0.3,0.45,P011,Tabaco y otras plantas no perennes,0.0010727137766611428,0.007155978986671202
E10_r30_p068_450,E10,0.3,0.45,P012,"Bananos, plátanos y otros",0.01103378588855814,0.020411472873577183
E10_r30_p068_450,E10,0.3,0.45,P013,Frutas tropicales y subtropicales,0.006729400422275183,0.010731954962791383
E10_r30_p068_450,E10,0.3,0.45,P014,"Berries, otras frutas y semillas de frutas",0.008041745323573844,0.011679330531016108
E10_r30_p068_450,E10,0.3,0.45,P015,Palma africana,0.009055074400861802,0.01884825648543594
E10_r30_p068_450,E10,0.3,0.45,P016,Café en grano,0.00041704445134420874,0.007897626358743994
E10_r30_p068_450,E10,0.3,0.45,P017,Cardamomo,0.004532804676520619,0.012872777870779234
E10_r30_p068_450,E10,0.3,0.45,P018,Caucho natural,0.017303078056821505,0.035697298477929656
E10_r30_p068_450,E10,0.3,0.45,P019,Propagación de plantas,0.04406725372902277,0.05643012573510961
E10_r30_p068_450,E10,0.3,0.45,P020,"Otros frutos oleaginosos, otras plantas bebestibles y especias aromáticas",0.0318626595799137,0.03868312970493217
E10_r30_p068_450,E10,0.3,0.45,P021,Ganado bovino,0.0033324578538504717,0.006605794824139172
E10_r30_p068_450,E10,0.3,0.45,P022,Ganado porcino y otro tipo de animales vivos n.c.p.,0.008022951344106534,0.014021508573048768
E10_r30_p068_450,E10,0.3,0.45,P023,Aves de corral,0.0034152717351989335,0.009929350909338268
E10_r30_p068_450,E10,0.3,0.45,P024,Leche cruda,0.0062679490830320145,0.01394938426362715
E10_r30_p068_450,E10,0.3,0.45,P025,Huevos,0.0034499483388592735,0.007310409532736915
E10_r30_p068_450,E10,0.3,0.45,P026,Otros productos de animales vivos,0.0,0.006972086035770401
E10_r30_p068_450,E10,0.3,0.45,P027,Troncos de madera y leña,0.019215483048191918,0.0265530235781212
E10_r30_p068_450,E10,0.3,0.45,P028,Productos forestales no madereros,0.015256299495132363,0.026265001962554258
E10_r30_p068_450,E10,0.3,0.45,P029,"Peces vivos, frescos o refrigerados",0.13241457625472375,0.13586631574296887
E10_r30_p068_450,E10,0.3,0.45,P030,Crustáceos sin congelar y otros productos de la pesca,0.013340602589599597,0.02027614191539053
E10_r30_p068_450,E10,0.3,0.45,P031,Petróleo crudo y gas natural,0.03313201422127003,0.039457015285568664
E10_r30_p068_450,E10,0.3,0.45,P032,Minerales metálicos,0.011833303202967532,0.018406915079445647
E10_r30_p068_450,E10,0.3,0.45,P033,Minerales no metálicos,0.038867141936998695,0.046468788876285
E10_r30_p068_450,E10,0.3,0.45,P034,Carne y despojos comestibles de ganado bovino; cueros y pieles de bovino y de otros animales,0.0070336397033426415,0.017125000107752614
E10_r30_p068_450,E10,0.3,0.45,P035,Carne y despojos comestibles de ganado porcino,0.0030737673671406853,0.015421915424821278
E10_r30_p068_450,E10,0.3,0.45,P036,Carne y despojos comestibles de aves,0.006448729069620243,0.017356222396928116
E10_r30_p068_450,E10,0.3,0.45,P037,Carne y despojos de otros animales y conservas y preparados de carne,0.009579519164826557,0.018551073303650783
E10_r30_p068_450,E10,0.3,0.45,P038,"Pescado congelado, preparado o en conserva y sus productos",0.002298642919589452,0.009539897238795331
E10_r30_p068_450,E10,0.3,0.45,P039,"Crustáceos, moluscos y demás invertebrados acuáticos congelados, preparados o en conserva y sus productos",0.00474566152657218,0.013141872878112559
E10_r30_p068_450,E10,0.3,0.45,P040,"Vegetales preparados o en conserva, legumbres y papas",0.021003318670434548,0.03132502784172785
E10_r30_p068_450,E10,0.3,0.45,P041,Preparaciones y conservas de frutas y nueces,0.006869538302684962,0.013928848697804629
E10_r30_p068_450,E10,0.3,0.45,P042,Jugos de frutas,0.016320987673550107,0.025941297905198064
E10_r30_p068_450,E10,0.3,0.45,P043,Aceites de origen vegetal,0.008670954294576875,0.02024060942228806
E10_r30_p068_450,E10,0.3,0.45,P044,"Margarina, grasas y otros aceites de origen animal y vegetal",0.010907314828758114,0.02273294714083601
E10_r30_p068_450,E10,0.3,0.45,P045,Leche líquida y crema procesada,0.007509039713450478,0.019035384083778202
E10_r30_p068_450,E10,0.3,0.45,P046,Otros productos lácteos n.c.p.,0.0077751842182258455,0.018669661017231477
E10_r30_p068_450,E10,0.3,0.45,P047,Harina de trigo,0.010890419027411825,0.020989310310286776
E10_r30_p068_450,E10,0.3,0.45,P048,Arroz sin cáscara,0.012323473418816849,0.017344190953380956
E10_r30_p068_450,E10,0.3,0.45,P049,"Otros productos de molinería, almidones y productos de almidón",0.018216539421723372,0.025941117264024555
E10_r30_p068_450,E10,0.3,0.45,P050,Pan y otros productos de panadería y repostería n.c.p.,0.0019520151551783039,0.012294368212153989
E10_r30_p068_450,E10,0.3,0.45,P051,"Tortillas de maíz, incluso tostadas, horneadas o fritas",0.00018538489812292808,0.006369805559997648
E10_r30_p068_450,E10,0.3,0.45,P052,"Azúcar de caña sin refinar y refinada, melaza y los demás azúcares n.c.p.",0.0008817875433946646,0.01904479977952963
E10_r30_p068_450,E10,0.3,0.45,P053,Productos alimenticios n.c.p.,0.01949638684238919,0.027427171312864033
E10_r30_p068_450,E10,0.3,0.45,P054,Preparados para alimentación animal,0.001593676288437632,0.007660866830157816
E10_r30_p068_450,E10,0.3,0.45,P055,"Aguardientes, licores, vinos, demás bebidas espirituosas y productos del tabaco",0.0025274752099483135,0.01092119245157176
E10_r30_p068_450,E10,0.3,0.45,P056,Malta y cerveza de malta,0.02928262560403677,0.03801039349677306
E10_r30_p068_450,E10,0.3,0.45,P057,Bebidas no alcohólicas,0.02595995096465442,0.038439797514864066
E10_r30_p068_450,E10,0.3,0.45,P058,Aguas minerales y otras aguas embotelladas,0.026974471210353325,0.034821784371870376
E10_r30_p068_450,E10,0.3,0.45,P059,"Hilados, tejidos, telas y otros productos textiles excepto prendas de vestir",0.010067512690070226,0.01768905052084764
E10_r30_p068_450,E10,0.3,0.45,P060,"Prendas de vestir, adobo y teñido de pieles",0.009633738397306942,0.01839160271712295
E10_r30_p068_450,E10,0.3,0.45,P061,Cuero de piel curtida o adobada y cuero artificial o regenerado y artículos de cuero,0.012721455700632982,0.021672999969646296
E10_r30_p068_450,E10,0.3,0.45,P062,"Calzado y sus partes, de cualquier material y de cualquier uso",0.000793117702358175,0.009201367243273409
E10_r30_p068_450,E10,0.3,0.45,P063,"Madera aserrada y acepillada, productos de madera, corcho, paja y materiales trenzables",0.013295456253574435,0.029824555873279417
E10_r30_p068_450,E10,0.3,0.45,P064,Pasta de papel y papel,0.0038513843257647245,0.011470114678923355
E10_r30_p068_450,E10,0.3,0.45,P065,Envases de papel y cartón,0.005262078958151287,0.011690117004894227
E10_r30_p068_450,E10,0.3,0.45,P066,Productos de la edición,0.005714952677841373,0.011906392681305052
E10_r30_p068_450,E10,0.3,0.45,P067,Productos de la impresión,0.00959171008625993,0.016463806528686124
E10_r30_p068_450,E10,0.3,0.45,P068,"Gasolinas, diésel oil y fuel oils",0.016853202523411707,0.020491007734232247
E10_r30_p068_450,E10,0.3,0.45,P069,"Aceites, grasas lubricantes y otros aceites preparados",0.0,0.0
E10_r30_p068_450,E10,0.3,0.45,P070,"Gases de petróleo, otros productos de la refinación de petróleo n.c.p.",0.03488892639799784,0.04165526301073531
E10_r30_p068_450,E10,0.3,0.45,P071,"Abonos, fertilizantes y pesticidas",0.0012110238813673984,0.005510570913500909
E10_r30_p068_450,E10,0.3,0.45,P072,"Pinturas, barnices, tintas y productos relacionados",0.005638033155393964,0.011615486208254361
E10_r30_p068_450,E10,0.3,0.45,P073,"Jabón, preparados de limpieza, perfumes y preparados de toilet",0.007874549529089971,0.012387873206479473
E10_r30_p068_450,E10,0.3,0.45,P074,Otros productos químicos,0.01900048369188787,0.031097922014918903
E10_r30_p068_450,E10,0.3,0.45,P075,Productos farmacéuticos,0.004072851117207127,0.01080558985836215
E10_r30_p068_450,E10,0.3,0.45,P076,Productos de caucho y plástico,0.002599668336539586,0.009238928629334633
E10_r30_p068_450,E10,0.3,0.45,P077,Vidrio y productos de vidrio,0.05308922057021444,0.07273588912855933
E10_r30_p068_450,E10,0.3,0.45,P078,Productos de cerámica y arcilla,0.019618650167846866,0.03466538032643455
E10_r30_p068_450,E10,0.3,0.45,P079,"Cemento, cal y yeso",0.010336722184008931,0.025929269039212888
E10_r30_p068_450,E10,0.3,0.45,P080,"Artículos de hormigón, cemento y yeso",0.01115982892371098,0.029173510130896002
E10_r30_p068_450,E10,0.3,0.45,P081,Piedras talladas para construcción y otros productos minerales no metálicos n.c.p.,0.00686221917837194,0.017342443407811544
E10_r30_p068_450,E10,0.3,0.45,P082,"Métales básicos de hierro y acero, productos primarios de metales preciosos y otros metales no ferrosos",0.008833215617662633,0.019956542818938085
E10_r30_p068_450,E10,0.3,0.45,P083,Productos metálicos estructurales y sus partes de hierro o de acero,0.003825431886588184,0.008455375825073495
E10_r30_p068_450,E10,0.3,0.45,P084,Otros productos elaborados de metal,0.009707617743292062,0.014368237640055653
E10_r30_p068_450,E10,0.3,0.45,P085,"Maquinaria para usos generales y especiales, sus partes y piezas, excepto electrodomésticos",0.0008583620339103937,0.0051015773188994385
E10_r30_p068_450,E10,0.3,0.45,P086,Electrodomésticos y sus partes,0.0,0.0
E10_r30_p068_450,E10,0.3,0.45,P087,"Maquinaria de oficina, contabilidad e informática, sus partes y piezas",0.0,0.0
E10_r30_p068_450,E10,0.3,0.45,P088,"Maquinaria y aparatos eléctricos, sus partes y piezas",0.0015172868945783746,0.007244610000914162
E10_r30_p068_450,E10,0.3,0.45,P089,"Equipo y aparatos de radio, televisión y comunicaciones",0.0,0.0
E10_r30_p068_450,E10,0.3,0.45,P090,"Aparatos médicos, instrumentos ópticos y de precisión, relojes",0.0035521631546267547,0.012113514595175425
E10_r30_p068_450,E10,0.3,0.45,P091,Equipo de transporte,0.010194374590782235,0.016910756167357745
E10_r30_p068_450,E10,0.3,0.45,P092,Muebles,0.0053292364940589,0.018692096771292455
E10_r30_p068_450,E10,0.3,0.45,P093,Otros artículos n.c.p.,0.008859914662511813,0.015613310996911493
E10_r30_p068_450,E10,0.3,0.45,P094,Residuos y desechos,0.03828701861373259,0.042723792798672784
E10_r30_p068_450,E10,0.3,0.45,P095,"Generación y distribución de energía eléctrica, gas, vapor y aire acondicionado",0.062349072519065456,0.06719806327829313
E10_r30_p068_450,E10,0.3,0.45,P096,Agua natural y distribución de agua natural,0.027323321632915537,0.03758122900200951
E10_r30_p068_450,E10,0.3,0.45,P097,"Evacuación de aguas residuales, recogida, tratamiento y eliminación de desechos",0.04830594308687739,0.052929881127152544
E10_r30_p068_450,E10,0.3,0.45,P098,Edificaciones residenciales,0.00018646432919902913,0.009982396695244448
E10_r30_p068_450,E10,0.3,0.45,P099,Edificaciones no residenciales,0.00045013612771014385,0.011608092437052782
E10_r30_p068_450,E10,0.3,0.45,P100,Obras de ingeniería civil,0.013964095243496236,0.025653897461422888
E10_r30_p068_450,E10,0.3,0.45,P101,Servicios generales y especializados de construcción,0.011354910550997596,0.02287436222532749
E10_r30_p068_450,E10,0.3,0.45,P102,Servicios de comercio,0.008022178026988581,0.013403886901422723
E10_r30_p068_450,E10,0.3,0.45,P103,Mantenimiento y reparación de vehículos automotores y motocicletas,0.020789507754777815,0.024835779041898418
E10_r30_p068_450,E10,0.3,0.45,P104,Servicio de transporte de pasajeros por vía terrestre,0.11938855591120039,0.12390369720181153
E10_r30_p068_450,E10,0.3,0.45,P105,Servicio de transporte de carga por vía terrestre,0.1284977111292871,0.13401596449586078
E10_r30_p068_450,E10,0.3,0.45,P106,Otros tipos de transporte,0.027522729733337234,0.03328126048516702
E10_r30_p068_450,E10,0.3,0.45,P107,Servicios de almacenamiento y depósito,0.0012373477517934025,0.009280421939437724
E10_r30_p068_450,E10,0.3,0.45,P108,Otros servicios de apoyo al transporte,0.01100407495370301,0.023493495048499083
E10_r30_p068_450,E10,0.3,0.45,P109,Servicios postales y de mensajería,0.040363755823922196,0.05326691332398041
E10_r30_p068_450,E10,0.3,0.45,P110,Servicio de alojamiento,0.013442798024014579,0.021534683384905353
E10_r30_p068_450,E10,0.3,0.45,P111,Servicio de suministro de comidas y bebidas,0.002154830161838706,0.011884720426937282
E10_r30_p068_450,E10,0.3,0.45,P112,"Servicios de información, telecomunicaciones y radiodifusión",0.006290035169747294,0.009144637034852054
E10_r30_p068_450,E10,0.3,0.45,P113,Servicios de banco central,0.0016543718893509047,0.008166694408982732
E10_r30_p068_450,E10,0.3,0.45,P114,Otros servicios financieros y servicios de banca de inversión,0.0005292636019907706,0.008015621274107534
E10_r30_p068_450,E10,0.3,0.45,P115,Servicios de Intermediación Financiera Medidos Indirectamente (SIFMI),0.00030715003770250996,0.00470599338339036
E10_r30_p068_450,E10,0.3,0.45,P116,"Servicios de seguro, reaseguro y fondos de pensiones",0.00034387957333223125,0.004050174595900219
E10_r30_p068_450,E10,0.3,0.45,P117,Servicios auxiliares de la intermediación financiera,0.004181501590317709,0.00891950108185352
E10_r30_p068_450,E10,0.3,0.45,P118,Servicios de alquiler de vivienda,4.767336372826426e-10,0.0010683226974427002
E10_r30_p068_450,E10,0.3,0.45,P119,"Otros servicios inmobiliarios, excepto alquiler de vivienda",0.0025392497633288094,0.008068102890637242
E10_r30_p068_450,E10,0.3,0.45,P120,"Servicios jurídicos, de contabilidad, auditoría, teneduría de libros y consultoría fiscal",0.0019429904068200366,0.004353703895314285
E10_r30_p068_450,E10,0.3,0.45,P121,Servicios de tecnología de la información,0.011119427821475666,0.015426144745207761
E10_r30_p068_450,E10,0.3,0.45,P122,"Servicios de arquitectura e ingeniería, ensayos y análisis técnicos",0.010870688564152362,0.016217336304304546
E10_r30_p068_450,E10,0.3,0.45,P123,"Otros servicios profesionales, científicos y técnicos",0.002623336404103242,0.005882693172629228
E10_r30_p068_450,E10,0.3,0.45,P124,Servicios de publicidad y estudios de mercado,0.004058534705995468,0.009827318862529726
E10_r30_p068_450,E10,0.3,0.45,P125,Servicios de arrendamiento o alquiler sin operador,0.013433517544057728,0.017724789798848367
E10_r30_p068_450,E10,0.3,0.45,P126,Servicios  de agencias de empleo y de dotación de recursos humanos,0.0025932756932307696,0.003901674420559709
E10_r30_p068_450,E10,0.3,0.45,P127,"Servicios de agencias de viajes, operadores turísticos y actividades conexas",0.009256260600579927,0.014266794144801712
E10_r30_p068_450,E10,0.3,0.45,P128,"Servicios de seguridad, sistemas de seguridad e investigación privada",0.0062586847892168364,0.008426087981155317
E10_r30_p068_450,E10,0.3,0.45,P129,Servicios de limpieza,0.004274752009278478,0.00848368986923826
E10_r30_p068_450,E10,0.3,0.45,P130,Servicios telefónicos de centros de llamadas,0.001225667751250748,0.004509644456782788
E10_r30_p068_450,E10,0.3,0.45,P131,"Servicios administrativos, de apoyo de oficina y otros servicios de apoyo a las empresas",0.015646563027694436,0.019971643954172606
E10_r30_p068_450,E10,0.3,0.45,P132,"Servicios de mantenimiento, reparación e instalación de productos metálicos elaborados, maquinaria y equipo",0.008931109314560032,0.017235148565972854
E10_r30_p068_450,E10,0.3,0.45,P133,Servicios de reparación de otros bienes,0.004484760115922338,0.007613120123857885
E10_r30_p068_450,E10,0.3,0.45,P134,"Servicios de apoyo a la agricultura, caza, silvicultura y pesca",0.014579099588135094,0.016601335606884777
E10_r30_p068_450,E10,0.3,0.45,P135,"Servicios de apoyo a la explotación de minas y canteras y los relacionados con la distribución de electricidad, gas y agua",0.0026425140331329047,0.008359407339331663
E10_r30_p068_450,E10,0.3,0.45,P136,Servicios de manufactura,0.013642664008657351,0.021985499748554082
E10_r30_p068_450,E10,0.3,0.45,P137,Servicios públicos del gobierno general,0.020426036420079167,0.031774785189793917
E10_r30_p068_450,E10,0.3,0.45,P138,"Servicios públicos administrativos relacionados con la provisión de servicios educativos, de salud, servicios sociales, culturales y otros, sin contar los servicios de seguridad social",0.000958393340595499,0.006943795377134104
E10_r30_p068_450,E10,0.3,0.45,P139,Otros servicios administrativos,0.0017648857599267141,0.010968254851722654
E10_r30_p068_450,E10,0.3,0.45,P140,Servicios públicos administrativos prestados a la comunidad en su conjunto,0.002804878615366226,0.005694351523114973
E10_r30_p068_450,E10,0.3,0.45,P141,Servicios administrativos relacionados con los sistemas de seguridad social de afiliación obligatoria,0.003281877417333433,0.0057959426175255915
E10_r30_p068_450,E10,0.3,0.45,P142,Servicios de enseñanza,0.0020696327934574977,0.004125013427042895
E10_r30_p068_450,E10,0.3,0.45,P143,Servicios de hospitalización,0.005106954653716877,0.009077561551619408
E10_r30_p068_450,E10,0.3,0.45,P144,Servicios médicos y dentales,0.00532845341707988,0.009491987666482174
E10_r30_p068_450,E10,0.3,0.45,P145,Otros servicios de atención de la salud humana,0.004757783574565761,0.0107672744564452
E10_r30_p068_450,E10,0.3,0.45,P146,"Servicios audiovisuales, recreativos, culturales y deportivos",0.00958652671702476,0.01752107557360468
E10_r30_p068_450,E10,0.3,0.45,P147,Servicios de asociaciones que sirven a las empresas,0.0076157955260513,0.01330075776303683
E10_r30_p068_450,E10,0.3,0.45,P148,Servicios de asociaciones que sirven a los hogares,0.006495040580910619,0.014270037444079458
E10_r30_p068_450,E10,0.3,0.45,P149,Otros servicios,0.0031186484766758476,0.005408112115495472
E10_r30_p068_450,E10,0.3,0.45,P150,Servicios domésticos,0.0,0.0
E10_r30_p068_450,E10,0.3,0.45,P151,Compras directas en el exterior por residentes,0.0,0.0
E10_r30_p068_450,E10,0.3,0.45,P152,Compras directas en el territorio nacional por no residentes,0.0,0.0
E10_r30_p068_502,E10,0.3,0.502,P001,Maíz,0.005019852867662744,0.00779070401606862
E10_r30_p068_502,E10,0.3,0.502,P002,Frijoles,0.0004434154855706727,0.003857552830022198
E10_r30_p068_502,E10,0.3,0.502,P003,Leguminosas (legumbres secas) y semillas oleaginosas,0.012269406840655825,0.018655945208135537
E10_r30_p068_502,E10,0.3,0.502,P004,Arroz,0.006093040970804215,0.01351833926860118
E10_r30_p068_502,E10,0.3,0.502,P005,Otros cereales,0.004099869023206869,0.00728314415031462
E10_r30_p068_502,E10,0.3,0.502,P006,Hortalizas,0.007951236811048597,0.012904988615695685
E10_r30_p068_502,E10,0.3,0.502,P007,Sandías y melones,0.0060029903175427,0.01113155491788761
E10_r30_p068_502,E10,0.3,0.502,P008,Ejotes y arvejas,0.005808885294934206,0.010231770950207409
E10_r30_p068_502,E10,0.3,0.502,P009,Raíces y tubérculos,0.007524892856906313,0.014683853728191042
E10_r30_p068_502,E10,0.3,0.502,P010,Caña de azúcar y otras plantas azucareras,0.012811818898613792,0.02365988350705505
E10_r30_p068_502,E10,0.3,0.502,P011,Tabaco y otras plantas no perennes,0.0011966718130753192,0.007982892114019872
E10_r30_p068_502,E10,0.3,0.502,P012,"Bananos, plátanos y otros",0.012308801146791525,0.02277013196119054
E10_r30_p068_502,E10,0.3,0.502,P013,Frutas tropicales y subtropicales,0.007507020026626981,0.011972091980713945
E10_r30_p068_502,E10,0.3,0.502,P014,"Berries, otras frutas y semillas de frutas",0.00897101367207571,0.013028942059044639
E10_r30_p068_502,E10,0.3,0.502,P015,Palma africana,0.010101438553850277,0.021026277234864083
E10_r30_p068_502,E10,0.3,0.502,P016,Café en grano,0.0004652362546106506,0.008810240960198858
E10_r30_p068_502,E10,0.3,0.502,P017,Cardamomo,0.005056595439140779,0.014360298869180388
E10_r30_p068_502,E10,0.3,0.502,P018,Caucho natural,0.019302544854498657,0.03982231963537931
E10_r30_p068_502,E10,0.3,0.502,P019,Propagación de plantas,0.04915946971548763,0.06295094026450007
E10_r30_p068_502,E10,0.3,0.502,P020,"Otros frutos oleaginosos, otras plantas bebestibles y especias aromáticas",0.03554456690914817,0.04315318024861322
E10_r30_p068_502,E10,0.3,0.502,P021,Ganado bovino,0.0037175418725176376,0.00736913111492859
E10_r30_p068_502,E10,0.3,0.502,P022,Ganado porcino y otro tipo de animales vivos n.c.p.,0.008950047943869957,0.015641771785934407
E10_r30_p068_502,E10,0.3,0.502,P023,Aves de corral,0.0038099253579330326,0.011076742569972911
E10_r30_p068_502,E10,0.3,0.502,P024,Leche cruda,0.006992245421515713,0.015561313111868511
E10_r30_p068_502,E10,0.3,0.502,P025,Huevos,0.0038486090357941227,0.008155167967630958
E10_r30_p068_502,E10,0.3,0.502,P026,Otros productos de animales vivos,0.0,0.007777749311014981
E10_r30_p068_502,E10,0.3,0.502,P027,Troncos de madera y leña,0.021435938867094096,0.02962137296937076
E10_r30_p068_502,E10,0.3,0.502,P028,Productos forestales no madereros,0.017019249659014326,0.029300068856004988
E10_r30_p068_502,E10,0.3,0.502,P029,"Peces vivos, frescos o refrigerados",0.1477158161774918,0.15156642333993414
E10_r30_p068_502,E10,0.3,0.502,P030,Crustáceos sin congelar y otros productos de la pesca,0.014882183333286657,0.02261916275894677
E10_r30_p068_502,E10,0.3,0.502,P031,Petróleo crudo y gas natural,0.03696060253128346,0.0440164926074566
E10_r30_p068_502,E10,0.3,0.502,P032,Minerales metálicos,0.013200707128643779,0.02053393637751492
E10_r30_p068_502,E10,0.3,0.502,P033,Minerales no metálicos,0.043358456116385204,0.05183851559087792
E10_r30_p068_502,E10,0.3,0.502,P034,Carne y despojos comestibles de ganado bovino; cueros y pieles de bovino y de otros animales,0.007846415846840014,0.019103889009092923
E10_r30_p068_502,E10,0.3,0.502,P035,Carne y despojos comestibles de ganado porcino,0.003428958262899164,0.017204003429467287
E10_r30_p068_502,E10,0.3,0.502,P036,Carne y despojos comestibles de aves,0.007193915539887469,0.019361830318350922
E10_r30_p068_502,E10,0.3,0.502,P037,Carne y despojos de otros animales y conservas y preparados de carne,0.010686485823873182,0.02069475288540598
E10_r30_p068_502,E10,0.3,0.502,P038,"Pescado congelado, preparado o en conserva y sus productos",0.002564263879186455,0.010642285364167238
E10_r30_p068_502,E10,0.3,0.502,P039,"Crustáceos, moluscos y demás invertebrados acuáticos congelados, preparados o en conserva y sus productos",0.0052940490807538544,0.014660489299583345
E10_r30_p068_502,E10,0.3,0.502,P040,"Vegetales preparados o en conserva, legumbres y papas",0.023430368827906986,0.03494480883677195
E10_r30_p068_502,E10,0.3,0.502,P041,Preparaciones y conservas de frutas y nueces,0.00766335161766189,0.01553840454732872
E10_r30_p068_502,E10,0.3,0.502,P042,Jugos de frutas,0.018206968471382562,0.028938958996465394
E10_r30_p068_502,E10,0.3,0.502,P043,Aceites de origen vegetal,0.009672931235283535,0.022579524288863572
E10_r30_p068_502,E10,0.3,0.502,P044,"Margarina, grasas y otros aceites de origen animal y vegetal",0.012167715653414606,0.0253598654771104
E10_r30_p068_502,E10,0.3,0.502,P045,Leche líquida y crema procesada,0.008376750969226977,0.021235028466792573
E10_r30_p068_502,E10,0.3,0.502,P046,Otros productos lácteos n.c.p.,0.008673649950109722,0.020827044068111554
E10_r30_p068_502,E10,0.3,0.502,P047,Harina de trigo,0.012148867448357192,0.023414741723919913
E10_r30_p068_502,E10,0.3,0.502,P048,Arroz sin cáscara,0.013747519236102351,0.01934840857466054
E10_r30_p068_502,E10,0.3,0.502,P049,"Otros productos de molinería, almidones y productos de almidón",0.020321561754900297,0.028938757481200714
E10_r30_p068_502,E10,0.3,0.502,P050,Pan y otros productos de panadería y repostería n.c.p.,0.0021775813508877967,0.013715050761114005
E10_r30_p068_502,E10,0.3,0.502,P051,"Tortillas de maíz, incluso tostadas, horneadas o fritas",0.00020680715301713316,0.007105871980264042
E10_r30_p068_502,E10,0.3,0.502,P052,"Azúcar de caña sin refinar y refinada, melaza y los demás azúcares n.c.p.",0.0009836829928536036,0.021245532198497497
E10_r30_p068_502,E10,0.3,0.502,P053,Productos alimenticios n.c.p.,0.021749302655287496,0.030596533331239423
E10_r30_p068_502,E10,0.3,0.502,P054,Preparados para alimentación animal,0.0017778344373237582,0.008546122552753825
E10_r30_p068_502,E10,0.3,0.502,P055,"Aguardientes, licores, vinos, demás bebidas espirituosas y productos del tabaco",0.002819539011986785,0.012183196912642276
E10_r30_p068_502,E10,0.3,0.502,P056,Malta y cerveza de malta,0.03266639567383657,0.042402705634177924
E10_r30_p068_502,E10,0.3,0.502,P057,Bebidas no alcohólicas,0.028959767520570043,0.04288172967213725
E10_r30_p068_502,E10,0.3,0.502,P058,Aguas minerales y otras aguas embotelladas,0.030091521216883035,0.038845635010397624
E10_r30_p068_502,E10,0.3,0.502,P059,"Hilados, tejidos, telas y otros productos textiles excepto prendas de vestir",0.011230869712033896,0.01973311858103448
E10_r30_p068_502,E10,0.3,0.502,P060,"Prendas de vestir, adobo y teñido de pieles",0.010746970389884633,0.02051685458665716
E10_r30_p068_502,E10,0.3,0.502,P061,Cuero de piel curtida o adobada y cuero artificial o regenerado y artículos de cuero,0.014191490581595016,0.024177435521694317
E10_r30_p068_502,E10,0.3,0.502,P062,"Calzado y sus partes, de cualquier material y de cualquier uso",0.0008847668590751199,0.010264636346940557
E10_r30_p068_502,E10,0.3,0.502,P063,"Madera aserrada y acepillada, productos de madera, corcho, paja y materiales trenzables",0.014831820087320813,0.03327094899641393
E10_r30_p068_502,E10,0.3,0.502,P064,Pasta de papel y papel,0.004296433181186427,0.012795550152932279
E10_r30_p068_502,E10,0.3,0.502,P065,Envases de papel y cartón,0.005870141415537658,0.013040974969904227
E10_r30_p068_502,E10,0.3,0.502,P066,Productos de la edición,0.006375347209503043,0.013282242502255862
E10_r30_p068_502,E10,0.3,0.502,P067,Productos de la impresión,0.01070008547400552,0.018366290838667632
E10_r30_p068_502,E10,0.3,0.502,P068,"Gasolinas, diésel oil y fuel oils",0.018800683703894833,0.02285885751685464
E10_r30_p068_502,E10,0.3,0.502,P069,"Aceites, grasas lubricantes y otros aceites preparados",0.0,0.0
E10_r30_p068_502,E10,0.3,0.502,P070,"Gases de petróleo, otros productos de la refinación de petróleo n.c.p.",0.038920535670655364,0.04646876006975362
E10_r30_p068_502,E10,0.3,0.502,P071,"Abonos, fertilizantes y pesticidas",0.0013509644187698533,0.006147347996838791
E10_r30_p068_502,E10,0.3,0.502,P072,"Pinturas, barnices, tintas y productos relacionados",0.006289539208906155,0.012957720170097092
E10_r30_p068_502,E10,0.3,0.502,P073,"Jabón, preparados de limpieza, perfumes y preparados de toilet",0.008784497474673702,0.013819360777005994
E10_r30_p068_502,E10,0.3,0.502,P074,Otros productos químicos,0.021196095140728247,0.034691459669976187
E10_r30_p068_502,E10,0.3,0.502,P075,Productos farmacéuticos,0.0045434916907510624,0.012054235797550668
E10_r30_p068_502,E10,0.3,0.502,P076,Productos de caucho y plástico,0.0029000744554286044,0.010306538159835526
E10_r30_p068_502,E10,0.3,0.502,P077,Vidrio y productos de vidrio,0.059223974947217005,0.08114092520563732
E10_r30_p068_502,E10,0.3,0.502,P078,Productos de cerámica y arcilla,0.021885694187242507,0.03867115760860031
E10_r30_p068_502,E10,0.3,0.502,P079,"Cemento, cal y yeso",0.011531187858605518,0.0289255401281886
E10_r30_p068_502,E10,0.3,0.502,P080,"Artículos de hormigón, cemento y yeso",0.012449409154895359,0.03254467130157731
E10_r30_p068_502,E10,0.3,0.502,P081,Piedras talladas para construcción y otros productos minerales no metálicos n.c.p.,0.007655186727872697,0.01934645909049199
E10_r30_p068_502,E10,0.3,0.502,P082,"Métales básicos de hierro y acero, productos primarios de metales preciosos y otros metales no ferrosos",0.009853942755703648,0.022262632211348707
E10_r30_p068_502,E10,0.3,0.502,P083,Productos metálicos estructurales y sus partes de hierro o de acero,0.004267481793482819,0.00943244147597088
E10_r30_p068_502,E10,0.3,0.502,P084,Otros productos elaborados de metal,0.010829386904739143,0.01602856732290653
E10_r30_p068_502,E10,0.3,0.502,P085,"Maquinaria para usos generales y especiales, sus partes y piezas, excepto electrodomésticos",0.0009575505356067057,0.005691092920194484
E10_r30_p068_502,E10,0.3,0.502,P086,Electrodomésticos y sus partes,0.0,0.0
E10_r30_p068_502,E10,0.3,0.502,P087,"Maquinaria de oficina, contabilidad e informática, sus partes y piezas",0.0,0.0
E10_r30_p068_502,E10,0.3,0.502,P088,"Maquinaria y aparatos eléctricos, sus partes y piezas",0.0016926178246185423,0.008081764934353133
E10_r30_p068_502,E10,0.3,0.502,P089,"Equipo y aparatos de radio, televisión y comunicaciones",0.0,0.0
E10_r30_p068_502,E10,0.3,0.502,P090,"Aparatos médicos, instrumentos ópticos y de precisión, relojes",0.0039626353413836244,0.013513298503951252
E10_r30_p068_502,E10,0.3,0.502,P091,Equipo de transporte,0.011372391210161516,0.018864887991141305
E10_r30_p068_502,E10,0.3,0.502,P092,Muebles,0.005945059377816817,0.02085207239819736
E10_r30_p068_502,E10,0.3,0.502,P093,Otros artículos n.c.p.,0.009883727023513178,0.017417515823221274
E10_r30_p068_502,E10,0.3,0.502,P094,Residuos y desechos,0.042711296320208356,0.04766076441096384
E10_r30_p068_502,E10,0.3,0.502,P095,"Generación y distribución de energía eléctrica, gas, vapor y aire acondicionado",0.0695538542323797,0.07496317281267363
E10_r30_p068_502,E10,0.3,0.502,P096,Agua natural y distribución de agua natural,0.03048068324383022,0.04192394879779729
E10_r30_p068_502,E10,0.3,0.502,P097,"Evacuación de aguas residuales, recogida, tratamiento y eliminación de desechos",0.05388796317691657,0.05904622294629019
E10_r30_p068_502,E10,0.3,0.502,P098,Edificaciones residenciales,0.00020801131835091691,0.011135918091139362
E10_r30_p068_502,E10,0.3,0.502,P099,Edificaciones no residenciales,0.0005021518580233161,0.012949472007556657
E10_r30_p068_502,E10,0.3,0.502,P100,Obras de ingeniería civil,0.01557772402718914,0.02861834783474288
E10_r30_p068_502,E10,0.3,0.502,P101,Servicios generales y especializados de construcción,0.01266703354800176,0.025517621860254223
E10_r30_p068_502,E10,0.3,0.502,P102,Servicios de comercio,0.008949185265662818,0.01495278049892046
E10_r30_p068_502,E10,0.3,0.502,P103,Mantenimiento y reparación de vehículos automotores y motocicletas,0.023191850873107697,0.027705691286740015
E10_r30_p068_502,E10,0.3,0.502,P104,Servicio de transporte de pasajeros por vía terrestre,0.13318456681649465,0.13822145776735423
E10_r30_p068_502,E10,0.3,0.502,P105,Servicio de transporte de carga por vía terrestre,0.14334633552644915,0.1495022537264936
E10_r30_p068_502,E10,0.3,0.502,P106,Otros tipos de transporte,0.030703134058078427,0.037127095030119656
E10_r30_p068_502,E10,0.3,0.502,P107,Servicios de almacenamiento y depósito,0.0013803301586673066,0.010352826252439417
E10_r30_p068_502,E10,0.3,0.502,P108,Otros servicios de apoyo al transporte,0.012275656948353137,0.02620829892077009
E10_r30_p068_502,E10,0.3,0.502,P109,Servicios postales y de mensajería,0.04502801205246431,0.0594222010858626
E10_r30_p068_502,E10,0.3,0.502,P110,Servicio de alojamiento,0.014996188017900708,0.02402313568716108
E10_r30_p068_502,E10,0.3,0.502,P111,Servicio de suministro de comidas y bebidas,0.0024038327583178454,0.01325806589849448
E10_r30_p068_502,E10,0.3,0.502,P112,"Servicios de información, telecomunicaciones y radiodifusión",0.0070168836782514244,0.010201350647768294
E10_r30_p068_502,E10,0.3,0.502,P113,Servicios de banco central,0.0018455437521203428,0.009110401318465182
E10_r30_p068_502,E10,0.3,0.502,P114,Otros servicios financieros y servicios de banca de inversión,0.0005904229515541486,0.00894187084355996
E10_r30_p068_502,E10,0.3,0.502,P115,Servicios de Intermediación Financiera Medidos Indirectamente (SIFMI),0.00034264293094813335,0.005249797063248802
E10_r30_p068_502,E10,0.3,0.502,P116,"Servicios de seguro, reaseguro y fondos de pensiones",0.00038361676847284464,0.004518194771426467
E10_r30_p068_502,E10,0.3,0.502,P117,Servicios auxiliares de la intermediación financiera,0.004664697329643311,0.009950198984645487
E10_r30_p068_502,E10,0.3,0.502,P118,Servicios de alquiler de vivienda,5.318228575908591e-10,0.001191773320258301
E10_r30_p068_502,E10,0.3,0.502,P119,"Otros servicios inmobiliarios, excepto alquiler de vivienda",0.0028326741804245827,0.009000417002444215
E10_r30_p068_502,E10,0.3,0.502,P120,"Servicios jurídicos, de contabilidad, auditoría, teneduría de libros y consultoría fiscal",0.0021675137427192405,0.004856798567661713
E10_r30_p068_502,E10,0.3,0.502,P121,Servicios de tecnología de la información,0.012404339480846186,0.017208721471320656
E10_r30_p068_502,E10,0.3,0.502,P122,"Servicios de arquitectura e ingeniería, ensayos y análisis técnicos",0.012126857020454412,0.018091339610579737
E10_r30_p068_502,E10,0.3,0.502,P123,"Otros servicios profesionales, científicos y técnicos",0.0029264774996885052,0.00656247105035527
E10_r30_p068_502,E10,0.3,0.502,P124,Servicios de publicidad y estudios de mercado,0.004527520938688277,0.010962920153310941
E10_r30_p068_502,E10,0.3,0.502,P125,Servicios de arrendamiento o alquiler sin operador,0.01498583512692662,0.019772987731159722
E10_r30_p068_502,E10,0.3,0.502,P126,Servicios  de agencias de empleo y de dotación de recursos humanos,0.0028929431066707697,0.004352534575824388
E10_r30_p068_502,E10,0.3,0.502,P127,"Servicios de agencias de viajes, operadores turísticos y actividades conexas",0.01032587293664694,0.01591540146820102
E10_r30_p068_502,E10,0.3,0.502,P128,"Servicios de seguridad, sistemas de seguridad e investigación privada",0.006981910587081893,0.009399769258977708
E10_r30_p068_502,E10,0.3,0.502,P129,Servicios de limpieza,0.0047687233525728805,0.009464027365239124
E10_r30_p068_502,E10,0.3,0.502,P130,Servicios telefónicos de centros de llamadas,0.0013673004691730566,0.005030758927344354
E10_r30_p068_502,E10,0.3,0.502,P131,"Servicios administrativos, de apoyo de oficina y otros servicios de apoyo a las empresas",0.01745461031089468,0.022279478366654774
E10_r30_p068_502,E10,0.3,0.502,P132,"Servicios de mantenimiento, reparación e instalación de productos metálicos elaborados, maquinaria y equipo",0.009963148613131413,0.01922676573359638
E10_r30_p068_502,E10,0.3,0.502,P133,Servicios de reparación de otros bienes,0.0050029990626511405,0.008492858449281465
E10_r30_p068_502,E10,0.3,0.502,P134,"Servicios de apoyo a la agricultura, caza, silvicultura y pesca",0.016263795540541817,0.01851971216590257
E10_r30_p068_502,E10,0.3,0.502,P135,"Servicios de apoyo a la explotación de minas y canteras y los relacionados con la distribución de electricidad, gas y agua",0.002947871210294929,0.00932538329854332
E10_r30_p068_502,E10,0.3,0.502,P136,Servicios de manufactura,0.015219149627435535,0.024526046386164773
E10_r30_p068_502,E10,0.3,0.502,P137,Servicios públicos del gobierno general,0.022786378406399427,0.03544653814505899
E10_r30_p068_502,E10,0.3,0.502,P138,"Servicios públicos administrativos relacionados con la provisión de servicios educativos, de salud, servicios sociales, culturales y otros, sin contar los servicios de seguridad social",0.0010691410155087568,0.007746189509602933
E10_r30_p068_502,E10,0.3,0.502,P139,Otros servicios administrativos,0.0019688281144071345,0.012235697634588387
E10_r30_p068_502,E10,0.3,0.502,P140,Servicios públicos administrativos prestados a la comunidad en su conjunto,0.0031289979220307674,0.006352365476897147
E10_r30_p068_502,E10,0.3,0.502,P141,Servicios administrativos relacionados con los sistemas de seguridad social de afiliación obligatoria,0.0036611165855586296,0.006465695986661882
E10_r30_p068_502,E10,0.3,0.502,P142,Servicios de enseñanza,0.0023087903607014754,0.004601681645278964
E10_r30_p068_502,E10,0.3,0.502,P143,Servicios de hospitalización,0.00569709163592416,0.010126524219806539
E10_r30_p068_502,E10,0.3,0.502,P144,Servicios médicos y dentales,0.005944185811942443,0.010588839574609005
E10_r30_p068_502,E10,0.3,0.502,P145,Otros servicios de atención de la salud humana,0.005307571898737804,0.012011492838078869
E10_r30_p068_502,E10,0.3,0.502,P146,"Servicios audiovisuales, recreativos, culturales y deportivos",0.01069430313765873,0.019545733195443442
E10_r30_p068_502,E10,0.3,0.502,P147,Servicios de asociaciones que sirven a las empresas,0.008495843009061673,0.014837734215654416
E10_r30_p068_502,E10,0.3,0.502,P148,Servicios de asociaciones que sirven a los hogares,0.007245578603593622,0.015919019548728642
E10_r30_p068_502,E10,0.3,0.502,P149,Otros servicios,0.003479025633980612,0.006033049515508281
E10_r30_p068_502,E10,0.3,0.502,P150,Servicios domésticos,0.0,0.0
E10_r30_p068_502,E10,0.3,0.502,P151,Compras directas en el exterior por residentes,0.0,0.0
E10_r30_p068_502,E10,0.3,0.502,P152,Compras directas en el territorio nacional por no residentes,0.0,0.0
E15_r00_p068_450,E15,0.0,0.45,P001,Maíz,-0.00227847479015797,-0.0035361440197867132
E15_r00_p068_450,E15,0.0,0.45,P002,Frijoles,-0.00020126307126384685,-0.0017509152372827308
E15_r00_p068_450,E15,0.0,0.45,P003,Leguminosas (legumbres secas) y semillas oleaginosas,-0.005568994732238477,-0.008467798153434045
E15_r00_p068_450,E15,0.0,0.45,P004,Arroz,-0.0027655870826032657,-0.006135876098426646
E15_r00_p068_450,E15,0.0,0.45,P005,Otros cereales,-0.0018609007990060536,-0.003305766279820222
E15_r00_p068_450,E15,0.0,0.45,P006,Hortalizas,-0.003609008690524719,-0.0058574806878410835
E15_r00_p068_450,E15,0.0,0.45,P007,Sandías y melones,-0.0027247137445388482,-0.005052532001296472
E15_r00_p068_450,E15,0.0,0.45,P008,Ejotes y arvejas,-0.0026366108832965385,-0.004644126587632985
E15_r00_p068_450,E15,0.0,0.45,P009,Raíces y tubérculos,-0.0034154942634969498,-0.006664894654099284
E15_r00_p068_450,E15,0.0,0.45,P010,Caña de azúcar y otras plantas azucareras,-0.005815191629342029,-0.010739049436323256
E15_r00_p068_450,E15,0.0,0.45,P011,Tabaco y otras plantas no perennes,-0.0005431606523268979,-0.003623376802837231
E15_r00_p068_450,E15,0.0,0.45,P012,"Bananos, plátanos y otros",-0.005586875521929382,-0.010335197666121818
E15_r00_p068_450,E15,0.0,0.45,P013,Frutas tropicales y subtropicales,-0.00340738191552704,-0.005434045674770916
E15_r00_p068_450,E15,0.0,0.45,P014,"Berries, otras frutas y semillas de frutas",-0.004071878007752048,-0.005913742256311191
E15_r00_p068_450,E15,0.0,0.45,P015,Palma africana,-0.004584969658681227,-0.009543674660093425
E15_r00_p068_450,E15,0.0,0.45,P016,Café en grano,-0.0002111673599890656,-0.003998904440475504
E15_r00_p068_450,E15,0.0,0.45,P017,Cardamomo,-0.0022951519767300255,-0.006518035451464506
E15_r00_p068_450,E15,0.0,0.45,P018,Caucho natural,-0.008761285040879295,-0.018075061912535793
E15_r00_p068_450,E15,0.0,0.45,P019,Propagación de plantas,-0.022313126579031433,-0.028572974983664425
E15_r00_p068_450,E15,0.0,0.45,P020,"Otros frutos oleaginosos, otras plantas bebestibles y especias aromáticas",-0.016133420991536994,-0.019586915374551147
E15_r00_p068_450,E15,0.0,0.45,P021,Ganado bovino,-0.001687365279658464,-0.003344795139095606
E15_r00_p068_450,E15,0.0,0.45,P022,Ganado porcino y otro tipo de animales vivos n.c.p.,-0.004062361815856895,-0.007099686709393443
E15_r00_p068_450,E15,0.0,0.45,P023,Aves de corral,-0.001729297473309373,-0.00502765307432283
E15_r00_p068_450,E15,0.0,0.45,P024,Leche cruda,-0.003173729457719915,-0.007063167101081888
E15_r00_p068_450,E15,0.0,0.45,P025,Huevos,-0.001746855713983093,-0.003701571562674597
E15_r00_p068_450,E15,0.0,0.45,P026,Otros productos de animales vivos,-0.0,-0.0035302639731684565
E15_r00_p068_450,E15,0.0,0.45,P027,Troncos de madera y leña,-0.009729617102260186,-0.013444926243824795
E15_r00_p068_450,E15,0.0,0.45,P028,Productos forestales no madereros,-0.007724913920340431,-0.013299088638305721
E15_r00_p068_450,E15,0.0,0.45,P029,"Peces vivos, frescos o refrigerados",-0.0670471370657384,-0.06879489971490771
E15_r00_p068_450,E15,0.0,0.45,P030,Crustáceos sin congelar y otros productos de la pesca,-0.006754915022676894,-0.01026667384072873
E15_r00_p068_450,E15,0.0,0.45,P031,Petróleo crudo y gas natural,-0.016776149284986584,-0.019978766589619175
E15_r00_p068_450,E15,0.0,0.45,P032,Minerales metálicos,-0.005991705174992031,-0.00932020471760542
E15_r00_p068_450,E15,0.0,0.45,P033,Minerales no metálicos,-0.01968008860135212,-0.023529126061421764
E15_r00_p068_450,E15,0.0,0.45,P034,Carne y despojos comestibles de ganado bovino; cueros y pieles de bovino y de otros animales,-0.0035614312155019283,-0.008671116594192285
E15_r00_p068_450,E15,0.0,0.45,P035,Carne y despojos comestibles de ganado porcino,-0.0015563792733545331,-0.007808772316086544
E15_r00_p068_450,E15,0.0,0.45,P036,Carne y despojos comestibles de aves,-0.003265266061033184,-0.008788194282717909
E15_r00_p068_450,E15,0.0,0.45,P037,Carne y despojos de otros animales y conservas y preparados de carne,-0.004850518369159387,-0.009393198163575003
E15_r00_p068_450,E15,0.0,0.45,P038,"Pescado congelado, preparado o en conserva y sus productos",-0.0011639007672269394,-0.004830456101238717
E15_r00_p068_450,E15,0.0,0.45,P039,"Crustáceos, moluscos y demás invertebrados acuáticos congelados, preparados o en conserva y sus productos",-0.0024029304615800213,-0.006654289709497822
E15_r00_p068_450,E15,0.0,0.45,P040,"Vegetales preparados o en conserva, legumbres y papas",-0.010634874388927186,-0.015861195154619354
E15_r00_p068_450,E15,0.0,0.45,P041,Preparaciones y conservas de frutas y nueces,-0.003478339690280342,-0.007052769069872872
E15_r00_p068_450,E15,0.0,0.45,P042,Jugos de frutas,-0.008264010870613677,-0.013135183493448058
E15_r00_p068_450,E15,0.0,0.45,P043,Aceites de origen vegetal,-0.004390473296239614,-0.010248682226793827
E15_r00_p068_450,E15,0.0,0.45,P044,"Margarina, grasas y otros aceites de origen animal y vegetal",-0.005522837840270002,-0.011510658916642078
E15_r00_p068_450,E15,0.0,0.45,P045,Leche líquida y crema procesada,-0.003802146479185872,-0.00963842532946612
E15_r00_p068_450,E15,0.0,0.45,P046,Otros productos lácteos n.c.p.,-0.0039369067721663105,-0.009453244171436427
E15_r00_p068_450,E15,0.0,0.45,P047,Harina de trigo,-0.00551428277676611,-0.01062778135982526
E15_r00_p068_450,E15,0.0,0.45,P048,Arroz sin cáscara,-0.006239899222635024,-0.008782102250651493
E15_r00_p068_450,E15,0.0,0.45,P049,"Otros productos de molinería, almidones y productos de almidón",-0.00922380941749336,-0.01313509202713171
E15_r00_p068_450,E15,0.0,0.45,P050,Pan y otros productos de panadería y repostería n.c.p.,-0.000988388373587152,-0.006225162017444733
E15_r00_p068_450,E15,0.0,0.45,P051,"Tortillas de maíz, incluso tostadas, horneadas o fritas",-9.386826606200385e-05,-0.0032253037282066544
E15_r00_p068_450,E15,0.0,0.45,P052,"Azúcar de caña sin refinar y refinada, melaza y los demás azúcares n.c.p.",-0.0004464865723778935,-0.009643192897066841
E15_r00_p068_450,E15,0.0,0.45,P053,Productos alimenticios n.c.p.,-0.009871850651802348,-0.013887544455842948
E15_r00_p068_450,E15,0.0,0.45,P054,Preparados para alimentación animal,-0.000806946150276891,-0.0038790230119067886
E15_r00_p068_450,E15,0.0,0.45,P055,"Aguardientes, licores, vinos, demás bebidas espirituosas y productos del tabaco",-0.0012797682976054925,-0.0055298646714939574
E15_r00_p068_450,E15,0.0,0.45,P056,Malta y cerveza de malta,-0.014827039953228068,-0.01924628039286483
E15_r00_p068_450,E15,0.0,0.45,P057,Bebidas no alcohólicas,-0.01314462833154247,-0.019463705927665036
E15_r00_p068_450,E15,0.0,0.45,P058,Aguas minerales y otras aguas embotelladas,-0.013658323121748124,-0.017631751848551445
E15_r00_p068_450,E15,0.0,0.45,P059,"Hilados, tejidos, telas y otros productos textiles excepto prendas de vestir",-0.005097610265683414,-0.008956719330903218
E15_r00_p068_450,E15,0.0,0.45,P060,"Prendas de vestir, adobo y teñido de pieles",-0.004877971874766794,-0.0093124514166888
E15_r00_p068_450,E15,0.0,0.45,P061,Cuero de piel curtida o adobada y cuero artificial o regenerado y artículos de cuero,-0.006441414594683876,-0.010973962540160916
E15_r00_p068_450,E15,0.0,0.45,P062,"Calzado y sus partes, de cualquier material y de cualquier uso",-0.0004015892570390268,-0.004659043952722988
E15_r00_p068_450,E15,0.0,0.45,P063,"Madera aserrada y acepillada, productos de madera, corcho, paja y materiales trenzables",-0.006732055510793007,-0.015101442319415365
E15_r00_p068_450,E15,0.0,0.45,P064,Pasta de papel y papel,-0.0019501198439486156,-0.0058078073637310565
E15_r00_p068_450,E15,0.0,0.45,P065,Envases de papel y cartón,-0.0026644145919344827,-0.005919203907233753
E15_r00_p068_450,E15,0.0,0.45,P066,Productos de la edición,-0.002893723835798402,-0.006028713489414547
E15_r00_p068_450,E15,0.0,0.45,P067,Productos de la impresión,-0.0048566911516688335,-0.008336326137004413
E15_r00_p068_450,E15,0.0,0.45,P068,"Gasolinas, diésel oil y fuel oils",-0.008533493906366842,-0.010375469552002317
E15_r00_p068_450,E15,0.0,0.45,P069,"Aceites, grasas lubricantes y otros aceites preparados",-0.0,0.0
E15_r00_p068_450,E15,0.0,0.45,P070,"Gases de petróleo, otros productos de la refinación de petróleo n.c.p.",-0.017665748714727095,-0.02109183299592004
E15_r00_p068_450,E15,0.0,0.45,P071,"Abonos, fertilizantes y pesticidas",-0.0006131929464300641,-0.0027902366476423796
E15_r00_p068_450,E15,0.0,0.45,P072,"Pinturas, barnices, tintas y productos relacionados",-0.0028547762069917235,-0.005881415157738286
E15_r00_p068_450,E15,0.0,0.45,P073,"Jabón, preparados de limpieza, perfumes y preparados de toilet",-0.003987219659202786,-0.006272507576734306
E15_r00_p068_450,E15,0.0,0.45,P074,Otros productos químicos,-0.009620753775284515,-0.01574620180623453
E15_r00_p068_450,E15,0.0,0.45,P075,Productos farmacéuticos,-0.002062257908664269,-0.005471330157157941
E15_r00_p068_450,E15,0.0,0.45,P076,Productos de caucho y plástico,-0.001316322750979704,-0.004678062881536245
E15_r00_p068_450,E15,0.0,0.45,P077,Vidrio y productos de vidrio,-0.026881332470807984,-0.03682927715314043
E15_r00_p068_450,E15,0.0,0.45,P078,Productos de cerámica y arcilla,-0.009933757778433971,-0.01755255782196784
E15_r00_p068_450,E15,0.0,0.45,P079,"Cemento, cal y yeso",-0.0052339224931589184,-0.013129092766511006
E15_r00_p068_450,E15,0.0,0.45,P080,"Artículos de hormigón, cemento y yeso",-0.005650696476488171,-0.014771790143950353
E15_r00_p068_450,E15,0.0,0.45,P081,Piedras talladas para construcción y otros productos minerales no metálicos n.c.p.,-0.0034746337060534054,-0.008781217393933786
E15_r00_p068_450,E15,0.0,0.45,P082,"Métales básicos de hierro y acero, productos primarios de metales preciosos y otros metales no ferrosos",-0.004472633111851384,-0.010104847212331626
E15_r00_p068_450,E15,0.0,0.45,P083,Productos metálicos estructurales y sus partes de hierro o de acero,-0.0019369790191551843,-0.004281316739597312
E15_r00_p068_450,E15,0.0,0.45,P084,Otros productos elaborados de metal,-0.004915380132805264,-0.007275250396850068
E15_r00_p068_450,E15,0.0,0.45,P085,"Maquinaria para usos generales y especiales, sus partes y piezas, excepto electrodomésticos",-0.0004346252396632435,-0.0025831457791604777
E15_r00_p068_450,E15,0.0,0.45,P086,Electrodomésticos y sus partes,-0.0,0.0
E15_r00_p068_450,E15,0.0,0.45,P087,"Maquinaria de oficina, contabilidad e informática, sus partes y piezas",-0.0,0.0
E15_r00_p068_450,E15,0.0,0.45,P088,"Maquinaria y aparatos eléctricos, sus partes y piezas",-0.0007682669481428464,-0.0036682544585176146
E15_r00_p068_450,E15,0.0,0.45,P089,"Equipo y aparatos de radio, televisión y comunicaciones",-0.0,0.0
E15_r00_p068_450,E15,0.0,0.45,P090,"Aparatos médicos, instrumentos ópticos y de precisión, relojes",-0.0017986114266602842,-0.006133588131930268
E15_r00_p068_450,E15,0.0,0.45,P091,Equipo de transporte,-0.005161845846735276,-0.008562635766450732
E15_r00_p068_450,E15,0.0,0.45,P092,Muebles,-0.0026984193113721157,-0.009464604348844734
E15_r00_p068_450,E15,0.0,0.45,P093,Otros artículos n.c.p.,-0.004486151974881114,-0.007905684042262535
E15_r00_p068_450,E15,0.0,0.45,P094,Residuos y desechos,-0.01938634746597114,-0.0216328751166368
E15_r00_p068_450,E15,0.0,0.45,P095,"Generación y distribución de energía eléctrica, gas, vapor y aire acondicionado",-0.03156998971975576,-0.03402524017072593
E15_r00_p068_450,E15,0.0,0.45,P096,Agua natural y distribución de agua natural,-0.013834960941832038,-0.019028976138922217
E15_r00_p068_450,E15,0.0,0.45,P097,"Evacuación de aguas residuales, recogida, tratamiento y eliminación de desechos",-0.02445935544894429,-0.026800652127441576
E15_r00_p068_450,E15,0.0,0.45,P098,Edificaciones residenciales,-9.441482796900374e-05,-0.005054512413974153
E15_r00_p068_450,E15,0.0,0.45,P099,Edificaciones no residenciales,-0.00022792308450064682,-0.00587767137661383
E15_r00_p068_450,E15,0.0,0.45,P100,Obras de ingeniería civil,-0.007070615896460401,-0.012989660413651469
E15_r00_p068_450,E15,0.0,0.45,P101,Servicios generales y especializados de construcción,-0.005749474609331581,-0.011582263394194632
E15_r00_p068_450,E15,0.0,0.45,P102,Servicios de comercio,-0.004061970252478684,-0.0067869585638709855
E15_r00_p068_450,E15,0.0,0.45,P103,Mantenimiento y reparación de vehículos automotores y motocicletas,-0.010526612820045137,-0.01257541222918918
E15_r00_p068_450,E15,0.0,0.45,P104,Servicio de transporte de pasajeros por vía terrestre,-0.06045150842653749,-0.06273771667902195
E15_r00_p068_450,E15,0.0,0.45,P105,Servicio de transporte de carga por vía terrestre,-0.0650638615052897,-0.06785798810597761
E15_r00_p068_450,E15,0.0,0.45,P106,Otros tipos de transporte,-0.013935929752208871,-0.016851719022058436
E15_r00_p068_450,E15,0.0,0.45,P107,Servicios de almacenamiento y depósito,-0.0006265218426775425,-0.004699072710880418
E15_r00_p068_450,E15,0.0,0.45,P108,Otros servicios de apoyo al transporte,-0.00557183161076849,-0.011895756700076828
E15_r00_p068_450,E15,0.0,0.45,P109,Servicios postales y de mensajería,-0.020437887925635105,-0.026971305876714726
E15_r00_p068_450,E15,0.0,0.45,P110,Servicio de alojamiento,-0.0068066609217502195,-0.010903926964940316
E15_r00_p068_450,E15,0.0,0.45,P111,Servicio de suministro de comidas y bebidas,-0.0010910822456302878,-0.00601773990440436
E15_r00_p068_450,E15,0.0,0.45,P112,"Servicios de información, telecomunicaciones y radiodifusión",-0.003184912583665177,-0.00463031903310026
E15_r00_p068_450,E15,0.0,0.45,P113,Servicios de banco central,-0.0008376789169316072,-0.004135145048984221
E15_r00_p068_450,E15,0.0,0.45,P114,Otros servicios financieros y servicios de banca de inversión,-0.0002679886933166521,-0.004058650289363172
E15_r00_p068_450,E15,0.0,0.45,P115,Servicios de Intermediación Financiera Medidos Indirectamente (SIFMI),-0.00015552313997494854,-0.002382844791948466
E15_r00_p068_450,E15,0.0,0.45,P116,"Servicios de seguro, reaseguro y fondos de pensiones",-0.0001741208675014828,-0.002050775820549486
E15_r00_p068_450,E15,0.0,0.45,P117,Servicios auxiliares de la intermediación financiera,-0.002117272268630871,-0.004516323115686449
E15_r00_p068_450,E15,0.0,0.45,P118,Servicios de alquiler de vivienda,-2.413905358972674e-10,-0.0005409372619830805
E15_r00_p068_450,E15,0.0,0.45,P119,"Otros servicios inmobiliarios, excepto alquiler de vivienda",-0.0012857302552442898,-0.004085223966041562
E15_r00_p068_450,E15,0.0,0.45,P120,"Servicios jurídicos, de contabilidad, auditoría, teneduría de libros y consultoría fiscal",-0.0009838187592948661,-0.0022044656265881647
E15_r00_p068_450,E15,0.0,0.45,P121,Servicios de tecnología de la información,-0.00563023967848455,-0.007810913801047398
E15_r00_p068_450,E15,0.0,0.45,P122,"Servicios de arquitectura e ingeniería, ensayos y análisis técnicos",-0.005504292403259323,-0.00821152776975407
E15_r00_p068_450,E15,0.0,0.45,P123,"Otros servicios profesionales, científicos y técnicos",-0.001328306901176046,-0.002978657989300364
E15_r00_p068_450,E15,0.0,0.45,P124,Servicios de publicidad y estudios de mercado,-0.002055008900194453,-0.004975989905350331
E15_r00_p068_450,E15,0.0,0.45,P125,Servicios de arrendamiento o alquiler sin operador,-0.006801961819662654,-0.008974815648835286
E15_r00_p068_450,E15,0.0,0.45,P126,Servicios  de agencias de empleo y de dotación de recursos humanos,-0.0013130858835270294,-0.0019755838598760015
E15_r00_p068_450,E15,0.0,0.45,P127,"Servicios de agencias de viajes, operadores turísticos y actividades conexas",-0.0046868387964284774,-0.007223885236585277
E15_r00_p068_450,E15,0.0,0.45,P128,"Servicios de seguridad, sistemas de seguridad e investigación privada",-0.0031690385513649484,-0.004266487057389481
E15_r00_p068_450,E15,0.0,0.45,P129,Servicios de limpieza,-0.002164488925575595,-0.004295653345533718
E15_r00_p068_450,E15,0.0,0.45,P130,Servicios telefónicos de centros de llamadas,-0.0006206077611658153,-0.0022834249715078217
E15_r00_p068_450,E15,0.0,0.45,P131,"Servicios administrativos, de apoyo de oficina y otros servicios de apoyo a las empresas",-0.007922520961042,-0.010112493559981218
E15_r00_p068_450,E15,0.0,0.45,P132,"Servicios de mantenimiento, reparación e instalación de productos metálicos elaborados, maquinaria y equipo",-0.004522200858087461,-0.008726889447791611
E15_r00_p068_450,E15,0.0,0.45,P133,Servicios de reparación de otros bienes,-0.002270824970362543,-0.003854846821850715
E15_r00_p068_450,E15,0.0,0.45,P134,"Servicios de apoyo a la agricultura, caza, silvicultura y pesca",-0.007382018777905297,-0.008405962964137184
E15_r00_p068_450,E15,0.0,0.45,P135,"Servicios de apoyo a la explotación de minas y canteras y los relacionados con la distribución de electricidad, gas y agua",-0.0013380173511772166,-0.0042327238097287275
E15_r00_p068_450,E15,0.0,0.45,P136,Servicios de manufactura,-0.006907861578401074,-0.01113219448185544
E15_r00_p068_450,E15,0.0,0.45,P137,Servicios públicos del gobierno general,-0.010342571809710084,-0.016088926446860916
E15_r00_p068_450,E15,0.0,0.45,P138,"Servicios públicos administrativos relacionados con la provisión de servicios educativos, de salud, servicios sociales, culturales y otros, sin contar los servicios de seguridad social",-0.0004852753487364274,-0.0035159392083206737
E15_r00_p068_450,E15,0.0,0.45,P139,Otros servicios administrativos,-0.0008936367943627727,-0.0055536943682147275
E15_r00_p068_450,E15,0.0,0.45,P140,Servicios públicos administrativos prestados a la comunidad en su conjunto,-0.0014202294512913115,-0.002883292594135125
E15_r00_p068_450,E15,0.0,0.45,P141,Servicios administrativos relacionados con los sistemas de seguridad social de afiliación obligatoria,-0.001661754251356874,-0.002934732490136485
E15_r00_p068_450,E15,0.0,0.45,P142,Servicios de enseñanza,-0.001047943191025706,-0.0020886699067701013
E15_r00_p068_450,E15,0.0,0.45,P143,Servicios de hospitalización,-0.0025858685527006017,-0.004596355860425082
E15_r00_p068_450,E15,0.0,0.45,P144,Servicios médicos y dentales,-0.0026980228061607527,-0.004806197445186669
E15_r00_p068_450,E15,0.0,0.45,P145,Otros servicios de atención de la salud humana,-0.0024090683705348453,-0.005451929438017226
E15_r00_p068_450,E15,0.0,0.45,P146,"Servicios audiovisuales, recreativos, culturales y deportivos",-0.004854066591160448,-0.00887166646414221
E15_r00_p068_450,E15,0.0,0.45,P147,Servicios de asociaciones que sirven a las empresas,-0.0038562014918775453,-0.0067347398907278595
E15_r00_p068_450,E15,0.0,0.45,P148,Servicios de asociaciones que sirven a los hogares,-0.0032887155507572924,-0.007225527457082226
E15_r00_p068_450,E15,0.0,0.45,P149,Otros servicios,-0.0015791044897754034,-0.002738357396371383
E15_r00_p068_450,E15,0.0,0.45,P150,Servicios domésticos,-0.0,0.0
E15_r00_p068_450,E15,0.0,0.45,P151,Compras directas en el exterior por residentes,-0.0,0.0
E15_r00_p068_450,E15,0.0,0.45,P152,Compras directas en el territorio nacional por no residentes,-0.0,0.0
E15_r00_p068_502,E15,0.0,0.502,P001,Maíz,-0.0025417652103540012,-0.003944765106517623
E15_r00_p068_502,E15,0.0,0.502,P002,Frijoles,-0.000224520137276558,-0.001953243220257624
E15_r00_p068_502,E15,0.0,0.502,P003,Leguminosas (legumbres secas) y semillas oleaginosas,-0.006212523012408257,-0.009446299273386421
E15_r00_p068_502,E15,0.0,0.502,P004,Arroz,-0.0030851660343707544,-0.006844910669800398
E15_r00_p068_502,E15,0.0,0.502,P005,Otros cereales,-0.0020759382246689755,-0.00368776593882167
E15_r00_p068_502,E15,0.0,0.502,P006,Hortalizas,-0.004026049694763131,-0.006534345122880499
E15_r00_p068_502,E15,0.0,0.502,P007,Sandías y melones,-0.003039569555018892,-0.0056363801436685075
E15_r00_p068_502,E15,0.0,0.502,P008,Ejotes y arvejas,-0.002941285918699694,-0.0051807812155372415
E15_r00_p068_502,E15,0.0,0.502,P009,Raíces y tubérculos,-0.0038101736006121534,-0.007435060258572981
E15_r00_p068_502,E15,0.0,0.502,P010,Caña de azúcar y otras plantas azucareras,-0.006487169328732664,-0.01198000626007616
E15_r00_p068_502,E15,0.0,0.502,P011,Tabaco y otras plantas no perennes,-0.0006059258832624506,-0.004042078122276198
E15_r00_p068_502,E15,0.0,0.502,P012,"Bananos, plátanos y otros",-0.006232470026685666,-0.011529487174207
E15_r00_p068_502,E15,0.0,0.502,P013,Frutas tropicales y subtropicales,-0.00380112382576572,-0.006061979841633333
E15_r00_p068_502,E15,0.0,0.502,P014,"Berries, otras frutas y semillas de frutas",-0.004542406133092284,-0.006597108028151596
E15_r00_p068_502,E15,0.0,0.502,P015,Palma africana,-0.005114788374795503,-0.010646499287481999
E15_r00_p068_502,E15,0.0,0.502,P016,Café en grano,-0.00023556892158780205,-0.004461000064708228
E15_r00_p068_502,E15,0.0,0.502,P017,Cardamomo,-0.0025603695384854947,-0.007271230659189288
E15_r00_p068_502,E15,0.0,0.502,P018,Caucho natural,-0.009773700201158678,-0.020163735733539936
E15_r00_p068_502,E15,0.0,0.502,P019,Propagación de plantas,-0.024891532317052843,-0.031874740981776735
E15_r00_p068_502,E15,0.0,0.502,P020,"Otros frutos oleaginosos, otras plantas bebestibles y especias aromáticas",-0.017997727417225714,-0.021850292262277048
E15_r00_p068_502,E15,0.0,0.502,P021,Ganado bovino,-0.001882349711974553,-0.0037313047996133204
E15_r00_p068_502,E15,0.0,0.502,P022,Ganado porcino y otro tipo de animales vivos n.c.p.,-0.004531790292355914,-0.007920094951367798
E15_r00_p068_502,E15,0.0,0.502,P023,Aves de corral,-0.001929127403558456,-0.005608626318466802
E15_r00_p068_502,E15,0.0,0.502,P024,Leche cruda,-0.0035404715283897715,-0.00787935529942913
E15_r00_p068_502,E15,0.0,0.502,P025,Huevos,-0.0019487145964878058,-0.004129308721028108
E15_r00_p068_502,E15,0.0,0.502,P026,Otros productos de animales vivos,-0.0,-0.003938205587845701
E15_r00_p068_502,E15,0.0,0.502,P027,Troncos de madera y leña,-0.010853928411854698,-0.014998562165333443
E15_r00_p068_502,E15,0.0,0.502,P028,Productos forestales no madereros,-0.008617570640024214,-0.014835872214287714
E15_r00_p068_502,E15,0.0,0.502,P029,"Peces vivos, frescos o refrigerados",-0.07479480623777925,-0.07674453257085259
E15_r00_p068_502,E15,0.0,0.502,P030,Crustáceos sin congelar y otros productos de la pesca,-0.00753548298085289,-0.011453045040101825
E15_r00_p068_502,E15,0.0,0.502,P031,Petróleo crudo y gas natural,-0.018714726535696145,-0.0222874240621974
E15_r00_p068_502,E15,0.0,0.502,P032,Minerales metálicos,-0.006684079995213332,-0.010397206151639823
E15_r00_p068_502,E15,0.0,0.502,P033,Minerales no metálicos,-0.021954232173063918,-0.02624804729518605
E15_r00_p068_502,E15,0.0,0.502,P034,Carne y despojos comestibles de ganado bovino; cueros y pieles de bovino y de otros animales,-0.003972974378182151,-0.00967311228952117
E15_r00_p068_502,E15,0.0,0.502,P035,Carne y despojos comestibles de ganado porcino,-0.0017362275449421675,-0.008711119339278766
E15_r00_p068_502,E15,0.0,0.502,P036,Carne y despojos comestibles de aves,-0.0036425856947525734,-0.009803718955387532
E15_r00_p068_502,E15,0.0,0.502,P037,Carne y despojos de otros animales y conservas y preparados de carne,-0.005411022714040027,-0.010478634395810342
E15_r00_p068_502,E15,0.0,0.502,P038,"Pescado congelado, preparado o en conserva y sus productos",-0.0012983959669953856,-0.00538864213960408
E15_r00_p068_502,E15,0.0,0.502,P039,"Crustáceos, moluscos y demás invertebrados acuáticos congelados, preparados o en conserva y sus productos",-0.0026806024260292677,-0.0074232298537064605
E15_r00_p068_502,E15,0.0,0.502,P040,"Vegetales preparados o en conserva, legumbres y papas",-0.011863793207203214,-0.017694044372486464
E15_r00_p068_502,E15,0.0,0.502,P041,Preparaciones y conservas de frutas y nueces,-0.0038802811656016255,-0.007867755717947067
E15_r00_p068_502,E15,0.0,0.502,P042,Jugos de frutas,-0.009218963237884589,-0.014653026919357617
E15_r00_p068_502,E15,0.0,0.502,P043,Aceites de origen vegetal,-0.004897816877138413,-0.011432974395223339
E15_r00_p068_502,E15,0.0,0.502,P044,"Margarina, grasas y otros aceites de origen animal y vegetal",-0.006161032435145647,-0.012840779502565158
E15_r00_p068_502,E15,0.0,0.502,P045,Leche líquida y crema procesada,-0.0042415056278917946,-0.010752198923093313
E15_r00_p068_502,E15,0.0,0.502,P046,Otros productos lácteos n.c.p.,-0.004391838221394417,-0.010545619053469074
E15_r00_p068_502,E15,0.0,0.502,P047,Harina de trigo,-0.006151488786525751,-0.011855880539182843
E15_r00_p068_502,E15,0.0,0.502,P048,Arroz sin cáscara,-0.006960954243917293,-0.009796922955171218
E15_r00_p068_502,E15,0.0,0.502,P049,"Otros productos de molinería, almidones y productos de almidón",-0.01028967183907037,-0.014652924883600262
E15_r00_p068_502,E15,0.0,0.502,P050,Pan y otros productos de panadería y repostería n.c.p.,-0.0011026021412016672,-0.0069445140727939
E15_r00_p068_502,E15,0.0,0.502,P051,"Tortillas de maíz, incluso tostadas, horneadas o fritas",-0.00010471526569583541,-0.0035980054923549767
E15_r00_p068_502,E15,0.0,0.502,P052,"Azúcar de caña sin refinar y refinada, melaza y los demás azúcares n.c.p.",-0.0004980805762971167,-0.010757517409616788
E15_r00_p068_502,E15,0.0,0.502,P053,Productos alimenticios n.c.p.,-0.011012597838232841,-0.015492327370740357
E15_r00_p068_502,E15,0.0,0.502,P054,Preparados para alimentación animal,-0.000900193260975554,-0.004327265671060462
E15_r00_p068_502,E15,0.0,0.502,P055,"Aguardientes, licores, vinos, demás bebidas espirituosas y productos del tabaco",-0.0014276526342176825,-0.00616887125575548
E15_r00_p068_502,E15,0.0,0.502,P056,Malta y cerveza de malta,-0.016540386792267756,-0.021470295016040312
E15_r00_p068_502,E15,0.0,0.502,P057,Bebidas no alcohólicas,-0.014663563160965157,-0.021712845279306333
E15_r00_p068_502,E15,0.0,0.502,P058,Aguas minerales y otras aguas embotelladas,-0.015236618238039016,-0.019669198728828493
E15_r00_p068_502,E15,0.0,0.502,P059,"Hilados, tejidos, telas y otros productos textiles excepto prendas de vestir",-0.005686667451940164,-0.009991718009140923
E15_r00_p068_502,E15,0.0,0.502,P060,"Prendas de vestir, adobo y teñido de pieles",-0.005441648624739845,-0.010388556913728393
E15_r00_p068_502,E15,0.0,0.502,P061,Cuero de piel curtida o adobada y cuero artificial o regenerado y artículos de cuero,-0.007185755836736235,-0.012242064878135065
E15_r00_p068_502,E15,0.0,0.502,P062,"Calzado y sus partes, de cualquier material y de cualquier uso",-0.00044799512674131435,-0.005197422365037644
E15_r00_p068_502,E15,0.0,0.502,P063,"Madera aserrada y acepillada, productos de madera, corcho, paja y materiales trenzables",-0.007509981925373531,-0.016846497876325583
E15_r00_p068_502,E15,0.0,0.502,P064,Pasta de papel y papel,-0.002175467025916011,-0.006478931770206643
E15_r00_p068_502,E15,0.0,0.502,P065,Envases de papel y cartón,-0.0029723025003358,-0.006603200803180763
E15_r00_p068_502,E15,0.0,0.502,P066,Productos de la edición,-0.00322810970126844,-0.006725364825969115
E15_r00_p068_502,E15,0.0,0.502,P067,Productos de la impresión,-0.005417908795861676,-0.009299634935058249
E15_r00_p068_502,E15,0.0,0.502,P068,"Gasolinas, diésel oil y fuel oils",-0.00951958653554701,-0.01157441270023369
E15_r00_p068_502,E15,0.0,0.502,P069,"Aceites, grasas lubricantes y otros aceites preparados",-0.0,0.0
E15_r00_p068_502,E15,0.0,0.502,P070,"Gases de petróleo, otros productos de la refinación de petróleo n.c.p.",-0.019707124121762228,-0.023529111475448578
E15_r00_p068_502,E15,0.0,0.502,P071,"Abonos, fertilizantes y pesticidas",-0.0006840507980175382,-0.003112663993592165
E15_r00_p068_502,E15,0.0,0.502,P072,"Pinturas, barnices, tintas y productos relacionados",-0.003184661457577433,-0.0065610453537435975
E15_r00_p068_502,E15,0.0,0.502,P073,"Jabón, preparados de limpieza, perfumes y preparados de toilet",-0.0044479650420439975,-0.006997330674490273
E15_r00_p068_502,E15,0.0,0.502,P074,Otros productos químicos,-0.010732485322650726,-0.017565762903843846
E15_r00_p068_502,E15,0.0,0.502,P075,Productos farmacéuticos,-0.002300563266998807,-0.006103572753096192
E15_r00_p068_502,E15,0.0,0.502,P076,Productos de caucho y plástico,-0.0014684311577595804,-0.005218639036735987
E15_r00_p068_502,E15,0.0,0.502,P077,Vidrio y productos de vidrio,-0.029987619778545797,-0.0410851047352811
E15_r00_p068_502,E15,0.0,0.502,P078,Productos de cerámica y arcilla,-0.011081658677275232,-0.01958085339250635
E15_r00_p068_502,E15,0.0,0.502,P079,"Cemento, cal y yeso",-0.0058387313145906155,-0.01464623237508561
E15_r00_p068_502,E15,0.0,0.502,P080,"Artículos de hormigón, cemento y yeso",-0.006303665847104582,-0.01647875256058462
E15_r00_p068_502,E15,0.0,0.502,P081,Piedras talladas para construcción y otros productos minerales no metálicos n.c.p.,-0.0038761469343084657,-0.009795935848343911
E15_r00_p068_502,E15,0.0,0.502,P082,"Métales básicos de hierro y acero, productos primarios de metales preciosos y otros metales no ferrosos",-0.004989470715887545,-0.011272518445756616
E15_r00_p068_502,E15,0.0,0.502,P083,Productos metálicos estructurales y sus partes de hierro o de acero,-0.0021608077058131166,-0.004776046673950778
E15_r00_p068_502,E15,0.0,0.502,P084,Otros productos elaborados de metal,-0.005483379614818316,-0.00811594599826385
E15_r00_p068_502,E15,0.0,0.502,P085,"Maquinaria para usos generales y especiales, sus partes y piezas, excepto electrodomésticos",-0.00048484860069099615,-0.0028816426247523542
E15_r00_p068_502,E15,0.0,0.502,P086,Electrodomésticos y sus partes,-0.0,0.0
E15_r00_p068_502,E15,0.0,0.502,P087,"Maquinaria de oficina, contabilidad e informática, sus partes y piezas",-0.0,0.0
E15_r00_p068_502,E15,0.0,0.502,P088,"Maquinaria y aparatos eléctricos, sus partes y piezas",-0.0008570444621504643,-0.00409214164039076
E15_r00_p068_502,E15,0.0,0.502,P089,"Equipo y aparatos de radio, televisión y comunicaciones",-0.0,0.0
E15_r00_p068_502,E15,0.0,0.502,P090,"Aparatos médicos, instrumentos ópticos y de precisión, relojes",-0.002006450969296584,-0.0068423583160644305
E15_r00_p068_502,E15,0.0,0.502,P091,Equipo de transporte,-0.005758325811246907,-0.009552095899462818
E15_r00_p068_502,E15,0.0,0.502,P092,Muebles,-0.0030102366540195598,-0.010558291962489011
E15_r00_p068_502,E15,0.0,0.502,P093,Otros artículos n.c.p.,-0.005004551758645153,-0.008819229753812873
E15_r00_p068_502,E15,0.0,0.502,P094,Residuos y desechos,-0.02162654761759447,-0.024132674019003722
E15_r00_p068_502,E15,0.0,0.502,P095,"Generación y distribución de energía eléctrica, gas, vapor y aire acondicionado",-0.03521807742070532,-0.03795704570156538
E15_r00_p068_502,E15,0.0,0.502,P096,Agua natural y distribución de agua natural,-0.01543366753955485,-0.02122788004830879
E15_r00_p068_502,E15,0.0,0.502,P097,"Evacuación de aguas residuales, recogida, tratamiento y eliminación de desechos",-0.027285769856377855,-0.029897616373279277
E15_r00_p068_502,E15,0.0,0.502,P098,Edificaciones residenciales,-0.00010532498586764415,-0.005638589404033389
E15_r00_p068_502,E15,0.0,0.502,P099,Edificaciones no residenciales,-0.00025426086315405487,-0.006556868957911428
E15_r00_p068_502,E15,0.0,0.502,P100,Obras de ingeniería civil,-0.007887664844495827,-0.01449068783922897
E15_r00_p068_502,E15,0.0,0.502,P101,Servicios generales y especializados de construcción,-0.006413858341965454,-0.012920658275301571
E15_r00_p068_502,E15,0.0,0.502,P102,Servicios de comercio,-0.004531353481653998,-0.007571229331251632
E15_r00_p068_502,E15,0.0,0.502,P103,Mantenimiento y reparación de vehículos automotores y motocicletas,-0.011743021412583685,-0.014028570975673263
E15_r00_p068_502,E15,0.0,0.502,P104,Servicio de transporte de pasajeros por vía terrestre,-0.06743701606693737,-0.06998740838415338
E15_r00_p068_502,E15,0.0,0.502,P105,Servicio de transporte de carga por vía terrestre,-0.07258235216812317,-0.0756993556204461
E15_r00_p068_502,E15,0.0,0.502,P106,Otros tipos de transporte,-0.01554630385690856,-0.018799028775718523
E15_r00_p068_502,E15,0.0,0.502,P107,Servicios de almacenamiento y depósito,-0.0006989199222758363,-0.005242076668582157
E15_r00_p068_502,E15,0.0,0.502,P108,Otros servicios de apoyo al transporte,-0.006215687708012849,-0.013270377474307926
E15_r00_p068_502,E15,0.0,0.502,P109,Servicios postales y de mensajería,-0.02279959941926405,-0.030087990111357318
E15_r00_p068_502,E15,0.0,0.502,P110,Servicio de alojamiento,-0.007593208406041354,-0.012163936303111196
E15_r00_p068_502,E15,0.0,0.502,P111,Servicio de suministro de comidas y bebidas,-0.0012171628606808989,-0.006713123182246641
E15_r00_p068_502,E15,0.0,0.502,P112,"Servicios de información, telecomunicaciones y radiodifusión",-0.0035529469266664857,-0.0051653781213696235
E15_r00_p068_502,E15,0.0,0.502,P113,Servicios de banco central,-0.0009344773695548152,-0.0046129840324223995
E15_r00_p068_502,E15,0.0,0.502,P114,Otros servicios financieros y servicios de banca de inversión,-0.00029895627565546527,-0.004527649878356249
E15_r00_p068_502,E15,0.0,0.502,P115,Servicios de Intermediación Financiera Medidos Indirectamente (SIFMI),-0.00017349470281649814,-0.002658195745684733
E15_r00_p068_502,E15,0.0,0.502,P116,"Servicios de seguro, reaseguro y fondos de pensiones",-0.00019424150107943193,-0.0022877543598129827
E15_r00_p068_502,E15,0.0,0.502,P117,Servicios auxiliares de la intermediación financiera,-0.002361934841894883,-0.005038209342387994
E15_r00_p068_502,E15,0.0,0.502,P118,Servicios de alquiler de vivienda,-2.692845533787294e-10,-0.0006034455678122366
E15_r00_p068_502,E15,0.0,0.502,P119,"Otros servicios inmobiliarios, excepto alquiler de vivienda",-0.00143430352918363,-0.004557294291006365
E15_r00_p068_502,E15,0.0,0.502,P120,"Servicios jurídicos, de contabilidad, auditoría, teneduría de libros y consultoría fiscal",-0.0010975044825911617,-0.002459203876771687
E15_r00_p068_502,E15,0.0,0.502,P121,Servicios de tecnología de la información,-0.006280845152442764,-0.008713508284723984
E15_r00_p068_502,E15,0.0,0.502,P122,"Servicios de arquitectura e ingeniería, ensayos y análisis técnicos",-0.006140343969858178,-0.009160415423147876
E15_r00_p068_502,E15,0.0,0.502,P123,"Otros servicios profesionales, científicos y técnicos",-0.0014818001430897223,-0.003322858468063962
E15_r00_p068_502,E15,0.0,0.502,P124,Servicios de publicidad y estudios de mercado,-0.002292476595328034,-0.005550993183301924
E15_r00_p068_502,E15,0.0,0.502,P125,Servicios de arrendamiento o alquiler sin operador,-0.007587966296601448,-0.01001190545714514
E15_r00_p068_502,E15,0.0,0.502,P126,Servicios  de agencias de empleo y de dotación de recursos humanos,-0.0014648202522901529,-0.0022038735503505614
E15_r00_p068_502,E15,0.0,0.502,P127,"Servicios de agencias de viajes, operadores turísticos y actividades conexas",-0.005228429057349101,-0.008058645308368464
E15_r00_p068_502,E15,0.0,0.502,P128,"Servicios de seguridad, sistemas de seguridad e investigación privada",-0.003535238561744897,-0.00475950333957671
E15_r00_p068_502,E15,0.0,0.502,P129,Servicios de limpieza,-0.002414607645864331,-0.004792039954350948
E15_r00_p068_502,E15,0.0,0.502,P130,Servicios telefónicos de centros de llamadas,-0.0006923224357894207,-0.002547287412659837
E15_r00_p068_502,E15,0.0,0.502,P131,"Servicios administrativos, de apoyo de oficina y otros servicios de apoyo a las empresas",-0.008838012272095743,-0.011281048371356826
E15_r00_p068_502,E15,0.0,0.502,P132,"Servicios de mantenimiento, reparación e instalación de productos metálicos elaborados, maquinaria y equipo",-0.005044766290577567,-0.009735330006203085
E15_r00_p068_502,E15,0.0,0.502,P133,Servicios de reparación de otros bienes,-0.0025332314113822147,-0.004300295787931241
E15_r00_p068_502,E15,0.0,0.502,P134,"Servicios de apoyo a la agricultura, caza, silvicultura y pesca",-0.008235052058907687,-0.009377318684437478
E15_r00_p068_502,E15,0.0,0.502,P135,"Servicios de apoyo a la explotación de minas y canteras y los relacionados con la distribución de electricidad, gas y agua",-0.0014926326895354726,-0.0047218385610751585
E15_r00_p068_502,E15,0.0,0.502,P136,Servicios de manufactura,-0.007706103360794088,-0.01241858139975874
E15_r00_p068_502,E15,0.0,0.502,P137,Servicios públicos del gobierno general,-0.011537713441054363,-0.017948091280720405
E15_r00_p068_502,E15,0.0,0.502,P138,"Servicios públicos administrativos relacionados con la provisión de servicios educativos, de salud, servicios sociales, culturales y otros, sin contar los servicios de seguridad social",-0.0005413516112570812,-0.0039222255168377285
E15_r00_p068_502,E15,0.0,0.502,P139,Otros servicios administrativos,-0.0009969014906002487,-0.006195454606319542
E15_r00_p068_502,E15,0.0,0.502,P140,Servicios públicos administrativos prestados a la comunidad en su conjunto,-0.0015843448545516412,-0.003216473071679629
E15_r00_p068_502,E15,0.0,0.502,P141,Servicios administrativos relacionados con los sistemas de seguridad social de afiliación obligatoria,-0.001853779187069224,-0.0032738571334411447
E15_r00_p068_502,E15,0.0,0.502,P142,Servicios de enseñanza,-0.0011690388486553433,-0.002330027318219091
E15_r00_p068_502,E15,0.0,0.502,P143,Servicios de hospitalización,-0.00288468002990156,-0.0051274903154075345
E15_r00_p068_502,E15,0.0,0.502,P144,Servicios médicos y dentales,-0.0030097943304282174,-0.005361580261074906
E15_r00_p068_502,E15,0.0,0.502,P145,Otros servicios de atención de la salud humana,-0.0026874496044633164,-0.006081930173076994
E15_r00_p068_502,E15,0.0,0.502,P146,"Servicios audiovisuales, recreativos, culturales y deportivos",-0.0054149809528056545,-0.009896836811109755
E15_r00_p068_502,E15,0.0,0.502,P147,Servicios de asociaciones que sirven a las empresas,-0.004301806997605617,-0.00751297650032308
E15_r00_p068_502,E15,0.0,0.502,P148,Servicios de asociaciones que sirven a los hogares,-0.0036687449032892457,-0.008060477296567283
E15_r00_p068_502,E15,0.0,0.502,P149,Otros servicios,-0.0017615787863716722,-0.003054789806618742
E15_r00_p068_502,E15,0.0,0.502,P150,Servicios domésticos,-0.0,0.0
E15_r00_p068_502,E15,0.0,0.502,P151,Compras directas en el exterior por residentes,-0.0,0.0
E15_r00_p068_502,E15,0.0,0.502,P152,Compras directas en el territorio nacional por no residentes,-0.0,0.0
E15_r15_p068_450,E15,0.15,0.45,P001,Maíz,0.0022962374089531036,0.0035637112232947267
E15_r15_p068_450,E15,0.15,0.45,P002,Frijoles,0.0002028320854253552,0.0017645650876285785
E15_r15_p068_450,E15,0.15,0.45,P003,Leguminosas (legumbres secas) y semillas oleaginosas,0.00561240970919067,0.008533811730272066
E15_r15_p068_450,E15,0.15,0.45,P004,Arroz,0.002787147149585452,0.006183710390287728
E15_r15_p068_450,E15,0.15,0.45,P005,Otros cereales,0.0018754080788983241,0.0033315374959459825
E15_r15_p068_450,E15,0.15,0.45,P006,Hortalizas,0.0036371439351519687,0.005903144654371416
E15_r15_p068_450,E15,0.15,0.45,P007,Sandías y melones,0.002745955169626878,0.005091920718817908
E15_r15_p068_450,E15,0.15,0.45,P008,Ejotes y arvejas,0.0026571654728111548,0.004680331442990085
E15_r15_p068_450,E15,0.15,0.45,P009,Raíces y tubérculos,0.0034421209011325834,0.006716853088558106
E15_r15_p068_450,E15,0.15,0.45,P010,Caña de azúcar y otras plantas azucareras,0.00586052591725201,0.010822769318668886
E15_r15_p068_450,E15,0.15,0.45,P011,Tabaco y otras plantas no perennes,0.0005473950444094761,0.003651624058930623
E15_r15_p068_450,E15,0.15,0.45,P012,"Bananos, plátanos y otros",0.005630429894609106,0.010415769185766742
E15_r15_p068_450,E15,0.15,0.45,P013,Frutas tropicales y subtropicales,0.003433945310617641,0.005476408610825001
E15_r15_p068_450,E15,0.15,0.45,P014,"Berries, otras frutas y semillas de frutas",0.004103621706275469,0.005959844828876519
E15_r15_p068_450,E15,0.15,0.45,P015,Palma africana,0.004620713336244042,0.009618075595150625
E15_r15_p068_450,E15,0.15,0.45,P016,Café en grano,0.0002128135863742171,0.004030079248939989
E15_r15_p068_450,E15,0.15,0.45,P017,Cardamomo,0.0023130446081585814,0.0065688489954710645
E15_r15_p068_450,E15,0.15,0.45,P018,Caucho natural,0.008829586593746533,0.018215972154702036
E15_r15_p068_450,E15,0.15,0.45,P019,Propagación de plantas,0.022487076083876918,0.028795725248301998
E15_r15_p068_450,E15,0.15,0.45,P020,"Otros frutos oleaginosos, otras plantas bebestibles y especias aromáticas",0.016259194516954942,0.01973961178035451
E15_r15_p068_450,E15,0.15,0.45,P021,Ganado bovino,0.001700519704873166,0.003370870617858945
E15_r15_p068_450,E15,0.15,0.45,P022,Ganado porcino y otro tipo de animales vivos n.c.p.,0.004094031327696423,0.0071550347119820916
E15_r15_p068_450,E15,0.15,0.45,P023,Aves de corral,0.001742778795084126,0.005066847839776956
E15_r15_p068_450,E15,0.15,0.45,P024,Leche cruda,0.0031984713362607164,0.007118230402745259
E15_r15_p068_450,E15,0.15,0.45,P025,Huevos,0.0017604739169457125,0.0037304284123947304
E15_r15_p068_450,E15,0.15,0.45,P026,Otros productos de animales vivos,0.0,0.003557785336789618
E15_r15_p068_450,E15,0.15,0.45,P027,Troncos de madera y leña,0.009805467614346863,0.013549740701561765
E15_r15_p068_450,E15,0.15,0.45,P028,Productos forestales no madereros,0.007785136092551832,0.013402766169795348
E15_r15_p068_450,E15,0.15,0.45,P029,"Peces vivos, frescos o refrigerados",0.06756982563887869,0.06933121356132982
E15_r15_p068_450,E15,0.15,0.45,P030,Crustáceos sin congelar y otros productos de la pesca,0.006807575241284366,0.010346711159778553
E15_r15_p068_450,E15,0.15,0.45,P031,Petróleo crudo y gas natural,0.016906933415619347,0.02013451780374772
E15_r15_p068_450,E15,0.15,0.45,P032,Minerales metálicos,0.00603841553378816,0.009392863517345728
E15_r15_p068_450,E15,0.15,0.45,P033,Minerales no metálicos,0.01983351137047393,0.023712555300409617
E15_r15_p068_450,E15,0.15,0.45,P034,Carne y despojos comestibles de ganado bovino; cueros y pieles de bovino y de otros animales,0.0035891955538739427,0.00873871520851802
E15_r15_p068_450,E15,0.15,0.45,P035,Carne y despojos comestibles de ganado porcino,0.0015685125529732763,0.007869648234708855
E15_r15_p068_450,E15,0.15,0.45,P036,Carne y despojos comestibles de aves,0.0032907215440419733,0.00885670561565685
E15_r15_p068_450,E15,0.15,0.45,P037,Carne y despojos de otros animales y conservas y preparados de carne,0.004888332221268849,0.00946642600834531
E15_r15_p068_450,E15,0.15,0.45,P038,"Pescado congelado, preparado o en conserva y sus productos",0.0011729743482614622,0.004868113551171259
E15_r15_p068_450,E15,0.15,0.45,P039,"Crustáceos, moluscos y demás invertebrados acuáticos congelados, preparados o en conserva y sus productos",0.0024216633165427487,0.006706165469533769
E15_r15_p068_450,E15,0.15,0.45,P040,"Vegetales preparados o en conserva, legumbres y papas",0.010717782139550816,0.015984846451699175
E15_r15_p068_450,E15,0.15,0.45,P041,Preparaciones y conservas de frutas y nueces,0.003505456260639301,0.007107751310176516
E15_r15_p068_450,E15,0.15,0.45,P042,Jugos de frutas,0.00832843575494754,0.01323758324709295
E15_r15_p068_450,E15,0.15,0.45,P043,Aceites de origen vegetal,0.004424700711802071,0.010328579286148335
E15_r15_p068_450,E15,0.15,0.45,P044,"Margarina, grasas y otros aceites de origen animal y vegetal",0.005565892985601347,0.011600394140968586
E15_r15_p068_450,E15,0.15,0.45,P045,Leche líquida y crema procesada,0.0038317873945933043,0.009713564925327434
E15_r15_p068_450,E15,0.15,0.45,P046,Otros productos lácteos n.c.p.,0.003967598256894619,0.009526940125115554
E15_r15_p068_450,E15,0.15,0.45,P047,Harina de trigo,0.005557271228214142,0.010710633814347925
E15_r15_p068_450,E15,0.15,0.45,P048,Arroz sin cáscara,0.006288544461849645,0.008850566091099507
E15_r15_p068_450,E15,0.15,0.45,P049,"Otros productos de molinería, almidones y productos de almidón",0.009295716735155866,0.013237491067720071
E15_r15_p068_450,E15,0.15,0.45,P050,Pan y otros productos de panadería y repostería n.c.p.,0.0009960936885537281,0.006273692367805181
E15_r15_p068_450,E15,0.15,0.45,P051,"Tortillas de maíz, incluso tostadas, horneadas o fritas",9.460004779345937e-05,0.0032504476713699163
E15_r15_p068_450,E15,0.15,0.45,P052,"Azúcar de caña sin refinar y refinada, melaza y los demás azúcares n.c.p.",0.0004499673090604111,0.00971836966010957
E15_r15_p068_450,E15,0.15,0.45,P053,Productos alimenticios n.c.p.,0.009948809993502285,0.013995809493154378
E15_r15_p068_450,E15,0.15,0.45,P054,Preparados para alimentación animal,0.0008132369711880916,0.003909263244256813
E15_r15_p068_450,E15,0.15,0.45,P055,"Aguardientes, licores, vinos, demás bebidas espirituosas y productos del tabaco",0.0012897451630571781,0.005572974596858378
E15_r15_p068_450,E15,0.15,0.45,P056,Malta y cerveza de malta,0.014942629144597243,0.01939632126376645
E15_r15_p068_450,E15,0.15,0.45,P057,Bebidas no alcohólicas,0.013247101715608623,0.019615441812664548
E15_r15_p068_450,E15,0.15,0.45,P058,Aguas minerales y otras aguas embotelladas,0.013764801186829349,0.017769206117577825
E15_r15_p068_450,E15,0.15,0.45,P059,"Hilados, tejidos, telas y otros productos textiles excepto prendas de vestir",0.005137350406020547,0.009026544457701667
E15_r15_p068_450,E15,0.15,0.45,P060,"Prendas de vestir, adobo y teñido de pieles",0.004915999749939755,0.009385049772956492
E15_r15_p068_450,E15,0.15,0.45,P061,Cuero de piel curtida o adobada y cuero artificial o regenerado y artículos de cuero,0.0064916308149558805,0.011059513766847712
E15_r15_p068_450,E15,0.15,0.45,P062,"Calzado y sus partes, de cualquier material y de cualquier uso",0.000404719981555189,0.00469536510143153
E15_r15_p068_450,E15,0.15,0.45,P063,"Madera aserrada y acepillada, productos de madera, corcho, paja y materiales trenzables",0.006784537520364684,0.01521917070699076
E15_r15_p068_450,E15,0.15,0.45,P064,Pasta de papel y papel,0.0019653226610008433,0.005853084085107629
E15_r15_p068_450,E15,0.15,0.45,P065,Envases de papel y cartón,0.0026851859346384514,0.005965349057941156
E15_r15_p068_450,E15,0.15,0.45,P066,Productos de la edición,0.002916282836062836,0.006075712359009294
E15_r15_p068_450,E15,0.15,0.45,P067,Productos de la impresión,0.004894553125786533,0.008401314779390599
E15_r15_p068_450,E15,0.15,0.45,P068,"Gasolinas, diésel oil y fuel oils",0.008600019636607151,0.010456355024718016
E15_r15_p068_450,E15,0.15,0.45,P069,"Aceites, grasas lubricantes y otros aceites preparados",0.0,0.0
E15_r15_p068_450,E15,0.15,0.45,P070,"Gases de petróleo, otros productos de la refinación de petróleo n.c.p.",0.017803468017791483,0.021256261494675206
E15_r15_p068_450,E15,0.15,0.45,P071,"Abonos, fertilizantes y pesticidas",0.0006179732988844124,0.002811988878623547
E15_r15_p068_450,E15,0.15,0.45,P072,"Pinturas, barnices, tintas y productos relacionados",0.0028770315778780947,0.005927265713502207
E15_r15_p068_450,E15,0.15,0.45,P073,"Jabón, preparados de limpieza, perfumes y preparados de toilet",0.004018303375013384,0.006321407025372664
E15_r15_p068_450,E15,0.15,0.45,P074,Otros productos químicos,0.009695755606584292,0.015868956633877808
E15_r15_p068_450,E15,0.15,0.45,P075,Productos farmacéuticos,0.0020783349358260723,0.005513983756971164
E15_r15_p068_450,E15,0.15,0.45,P076,Productos de caucho y plástico,0.0013265845890031095,0.0047145322987197594
E15_r15_p068_450,E15,0.15,0.45,P077,Vidrio y productos de vidrio,0.027090894965616678,0.03711639220633188
E15_r15_p068_450,E15,0.15,0.45,P078,Productos de cerámica y arcilla,0.010011199738021895,0.017689394707246498
E15_r15_p068_450,E15,0.15,0.45,P079,"Cemento, cal y yeso",0.005274725301445778,0.013231445037839544
E15_r15_p068_450,E15,0.15,0.45,P080,"Artículos de hormigón, cemento y yeso",0.0056947483869470555,0.0148869486167946
E15_r15_p068_450,E15,0.15,0.45,P081,Piedras talladas para construcción y otros productos minerales no metálicos n.c.p.,0.0035017213851622317,0.008849674336182785
E15_r15_p068_450,E15,0.15,0.45,P082,"Métales básicos de hierro y acero, productos primarios de metales preciosos y otros metales no ferrosos",0.004507501031970351,0.010183622957312888
E15_r15_p068_450,E15,0.15,0.45,P083,Productos metálicos estructurales y sus partes de hierro o de acero,0.0019520793924751106,0.004314693188402093
E15_r15_p068_450,E15,0.15,0.45,P084,Otros productos elaborados de metal,0.004953699636672209,0.007331967065384915
E15_r15_p068_450,E15,0.15,0.45,P085,"Maquinaria para usos generales y especiales, sus partes y piezas, excepto electrodomésticos",0.00043801350732555397,0.0026032835634211067
E15_r15_p068_450,E15,0.15,0.45,P086,Electrodomésticos y sus partes,0.0,0.0
E15_r15_p068_450,E15,0.15,0.45,P087,"Maquinaria de oficina, contabilidad e informática, sus partes y piezas",0.0,0.0
E15_r15_p068_450,E15,0.15,0.45,P088,"Maquinaria y aparatos eléctricos, sus partes y piezas",0.0007742562322866556,0.003696851573513861
E15_r15_p068_450,E15,0.15,0.45,P089,"Equipo y aparatos de radio, televisión y comunicaciones",0.0,0.0
E15_r15_p068_450,E15,0.15,0.45,P090,"Aparatos médicos, instrumentos ópticos y de precisión, relojes",0.0018126331087391647,0.006181404587176754
E15_r15_p068_450,E15,0.15,0.45,P091,Equipo de transporte,0.0052020867572122554,0.008629388681891371
E15_r15_p068_450,E15,0.15,0.45,P092,Muebles,0.002719455749336833,0.009538388864618833
E15_r15_p068_450,E15,0.15,0.45,P093,Otros artículos n.c.p.,0.0045211252858569735,0.00796731546893623
E15_r15_p068_450,E15,0.15,0.45,P094,Residuos y desechos,0.01953748027698819,0.021801521491746755
E15_r15_p068_450,E15,0.15,0.45,P095,"Generación y distribución de energía eléctrica, gas, vapor y aire acondicionado",0.03181610422371279,0.03429049540777141
E15_r15_p068_450,E15,0.15,0.45,P096,Agua natural y distribución de agua natural,0.01394281604662268,0.019177322941211807
E15_r15_p068_450,E15,0.15,0.45,P097,"Evacuación de aguas residuales, recogida, tratamiento y eliminación de desechos",0.02465003660490483,0.0270095856514187
E15_r15_p068_450,E15,0.15,0.45,P098,Edificaciones residenciales,9.515087060816996e-05,0.005093916570470645
E15_r15_p068_450,E15,0.15,0.45,P099,Edificaciones no residenciales,0.00022969993578822033,0.0059234927464691545
E15_r15_p068_450,E15,0.15,0.45,P100,Obras de ingeniería civil,0.007125737267720749,0.01309092569304038
E15_r15_p068_450,E15,0.15,0.45,P101,Servicios generales y especializados de construcción,0.005794296578044598,0.011672556835379313
E15_r15_p068_450,E15,0.15,0.45,P102,Servicios de comercio,0.004093636711753816,0.006839868588712668
E15_r15_p068_450,E15,0.15,0.45,P103,Mantenimiento y reparación de vehículos automotores y motocicletas,0.010608676581090071,0.012673448097123126
E15_r15_p068_450,E15,0.15,0.45,P104,Servicio de transporte de pasajeros por vía terrestre,0.06092277855180271,0.06322680971189648
E15_r15_p068_450,E15,0.15,0.45,P105,Servicio de transporte de carga por vía terrestre,0.0655710887848058,0.06838699794191595
E15_r15_p068_450,E15,0.15,0.45,P106,Otros tipos de transporte,0.014044571993419313,0.01698309228206751
E15_r15_p068_450,E15,0.15,0.45,P107,Servicios de almacenamiento y depósito,0.0006314061050386523,0.004735705917275563
E15_r15_p068_450,E15,0.15,0.45,P108,Otros servicios de apoyo al transporte,0.005615268703564191,0.011988494084074163
E15_r15_p068_450,E15,0.15,0.45,P109,Servicios postales y de mensajería,0.020597218375008018,0.027181569789558747
E15_r15_p068_450,E15,0.15,0.45,P110,Servicio de alojamiento,0.006859724542968692,0.010988932205676285
E15_r15_p068_450,E15,0.15,0.45,P111,Servicio de suministro de comidas y bebidas,0.001099588145316773,0.006064653225715581
E15_r15_p068_450,E15,0.15,0.45,P112,"Servicios de información, telecomunicaciones y radiodifusión",0.0032097416440365436,0.0046664162470084775
E15_r15_p068_450,E15,0.15,0.45,P113,Servicios de banco central,0.0008442093254919516,0.004167381967068621
E15_r15_p068_450,E15,0.15,0.45,P114,Otros servicios financieros y servicios de banca de inversión,0.00027007788957256494,0.004090290866745955
E15_r15_p068_450,E15,0.15,0.45,P115,Servicios de Intermediación Financiera Medidos Indirectamente (SIFMI),0.00015673557307323432,0.0024014210622983413
E15_r15_p068_450,E15,0.15,0.45,P116,"Servicios de seguro, reaseguro y fondos de pensiones",0.00017547828545803277,0.002066763335220286
E15_r15_p068_450,E15,0.15,0.45,P117,Servicios auxiliares de la intermediación financiera,0.002133778178793077,0.004551531635967697
E15_r15_p068_450,E15,0.15,0.45,P118,Servicios de alquiler de vivienda,2.4327237724500464e-10,0.0005451543208762459
E15_r15_p068_450,E15,0.15,0.45,P119,"Otros servicios inmobiliarios, excepto alquiler de vivienda",0.0012957535991478188,0.004117071707484648
E15_r15_p068_450,E15,0.15,0.45,P120,"Servicios jurídicos, de contabilidad, auditoría, teneduría de libros y consultoría fiscal",0.0009914884502918182,0.0022216512819841355
E15_r15_p068_450,E15,0.15,0.45,P121,Servicios de tecnología de la información,0.005674132111074171,0.007871806414338075
E15_r15_p068_450,E15,0.15,0.45,P122,"Servicios de arquitectura e ingeniería, ensayos y análisis técnicos",0.005547202971380758,0.008275543504371739
E15_r15_p068_450,E15,0.15,0.45,P123,"Otros servicios profesionales, científicos y técnicos",0.0013386621656847658,0.0030018791224081633
E15_r15_p068_450,E15,0.15,0.45,P124,Servicios de publicidad y estudios de mercado,0.002071029415265515,0.005014781913143861
E15_r15_p068_450,E15,0.15,0.45,P125,Servicios de arrendamiento o alquiler sin operador,0.006854988807445716,0.009044781851584366
E15_r15_p068_450,E15,0.15,0.45,P126,Servicios  de agencias de empleo y de dotación de recursos humanos,0.0013233224874583571,0.0019909851902538394
E15_r15_p068_450,E15,0.15,0.45,P127,"Servicios de agencias de viajes, operadores turísticos y actividades conexas",0.0047233766292168015,0.007280201470686933
E15_r15_p068_450,E15,0.15,0.45,P128,"Servicios de seguridad, sistemas de seguridad e investigación privada",0.0031937438603629365,0.004299747896404305
E15_r15_p068_450,E15,0.15,0.45,P129,Servicios de limpieza,0.0021813629291139985,0.004329141560186059
E15_r15_p068_450,E15,0.15,0.45,P130,Servicios telefónicos de centros de llamadas,0.0006254459183095797,0.002301226181111449
E15_r15_p068_450,E15,0.15,0.45,P131,"Servicios administrativos, de apoyo de oficina y otros servicios de apoyo a las empresas",0.007984283645595421,0.010191328914644826
E15_r15_p068_450,E15,0.15,0.45,P132,"Servicios de mantenimiento, reparación e instalación de productos metálicos elaborados, maquinaria y equipo",0.0045574552002922595,0.008794922858210716
E15_r15_p068_450,E15,0.15,0.45,P133,Servicios de reparación de otros bienes,0.0022885279524070467,0.0038848985805561157
E15_r15_p068_450,E15,0.15,0.45,P134,"Servicios de apoyo a la agricultura, caza, silvicultura y pesca",0.007439567795369459,0.008471494483898976
E15_r15_p068_450,E15,0.15,0.45,P135,"Servicios de apoyo a la explotación de minas y canteras y los relacionados con la distribución de electricidad, gas y agua",0.001348448316774421,0.004265721435957494
E15_r15_p068_450,E15,0.15,0.45,P136,Servicios de manufactura,0.0069617141434751804,0.011218979259018054
E15_r15_p068_450,E15,0.15,0.45,P137,Servicios públicos del gobierno general,0.010423200816978777,0.016214353100047072
E15_r15_p068_450,E15,0.15,0.45,P138,"Servicios públicos administrativos relacionados con la provisión de servicios educativos, de salud, servicios sociales, culturales y otros, sin contar los servicios de seguridad social",0.0004890584764091646,0.0035433488984054754
E15_r15_p068_450,E15,0.15,0.45,P139,Otros servicios administrativos,0.0009006034414321795,0.0055969900660181
E15_r15_p068_450,E15,0.15,0.45,P140,Servicios públicos administrativos prestados a la comunidad en su conjunto,0.0014313013290465008,0.002905770274136537
E15_r15_p068_450,E15,0.15,0.45,P141,Servicios administrativos relacionados con los sistemas de seguridad social de afiliación obligatoria,0.0016747090171614141,0.0029576111871987307
E15_r15_p068_450,E15,0.15,0.45,P142,Servicios de enseñanza,0.0010561127856604814,0.002104952837572356
E15_r15_p068_450,E15,0.15,0.45,P143,Servicios de hospitalización,0.002606027563260802,0.00463218830296435
E15_r15_p068_450,E15,0.15,0.45,P144,Servicios médicos y dentales,0.0027190561530353466,0.004843665778583098
E15_r15_p068_450,E15,0.15,0.45,P145,Otros servicios de atención de la salud humana,0.002427849075637252,0.005494431792980194
E15_r15_p068_450,E15,0.15,0.45,P146,"Servicios audiovisuales, recreativos, culturales y deportivos",0.004891908104631396,0.008940828532628035
E15_r15_p068_450,E15,0.15,0.45,P147,Servicios de asociaciones que sirven a las empresas,0.003886263811370094,0.006787242827288807
E15_r15_p068_450,E15,0.15,0.45,P148,Servicios de asociaciones que sirven a los hogares,0.0033143538421731393,0.007281856493667716
E15_r15_p068_450,E15,0.15,0.45,P149,Otros servicios,0.001591414931484359,0.0027597051851495098
E15_r15_p068_450,E15,0.15,0.45,P150,Servicios domésticos,0.0,0.0
E15_r15_p068_450,E15,0.15,0.45,P151,Compras directas en el exterior por residentes,0.0,0.0
E15_r15_p068_450,E15,0.15,0.45,P152,Compras directas en el territorio nacional por no residentes,0.0,0.0
E15_r15_p068_502,E15,0.15,0.502,P001,Maíz,0.0025615803984321284,0.0039755178535421185
E15_r15_p068_502,E15,0.15,0.502,P002,Frijoles,0.00022627045974117396,0.0019684703866434364
E15_r15_p068_502,E15,0.15,0.502,P003,Leguminosas (legumbres secas) y semillas oleaginosas,0.006260954831141592,0.00951994108577017
E15_r15_p068_502,E15,0.15,0.502,P004,Arroz,0.003109217486870882,0.006898272479832088
E15_r15_p068_502,E15,0.15,0.502,P005,Otros cereales,0.0020921219013487974,0.003716515162144185
E15_r15_p068_502,E15,0.15,0.502,P006,Hortalizas,0.004057436123213974,0.006585285814432115
E15_r15_p068_502,E15,0.15,0.502,P007,Sandías y melones,0.0030632655447837614,0.005680320446325756
E15_r15_p068_502,E15,0.15,0.502,P008,Ejotes y arvejas,0.002964215705224888,0.00522116974306894
E15_r15_p068_502,E15,0.15,0.502,P009,Raíces y tubérculos,0.0038398770941523493,0.007493022778791486
E15_r15_p068_502,E15,0.15,0.502,P010,Caña de azúcar y otras plantas azucareras,0.006537742245467798,0.012073400439937283
E15_r15_p068_502,E15,0.15,0.502,P011,Tabaco y otras plantas no perennes,0.0006106495828745711,0.0040735895057403835
E15_r15_p068_502,E15,0.15,0.502,P012,"Bananos, plátanos y otros",0.006281057349097269,0.011619369180566455
E15_r15_p068_502,E15,0.15,0.502,P013,Frutas tropicales y subtropicales,0.003830756768733457,0.00610923805029811
E15_r15_p068_502,E15,0.15,0.502,P014,"Berries, otras frutas y semillas de frutas",0.004577817992333967,0.0066485380091022535
E15_r15_p068_502,E15,0.15,0.502,P015,Palma africana,0.005154662432876688,0.010729497663923589
E15_r15_p068_502,E15,0.15,0.502,P016,Café en grano,0.0002374053785774599,0.004495777295484165
E15_r15_p068_502,E15,0.15,0.502,P017,Cardamomo,0.0025803297628791285,0.0073279159905032774
E15_r15_p068_502,E15,0.15,0.502,P018,Caucho natural,0.009849894377912798,0.020320928937023152
E15_r15_p068_502,E15,0.15,0.502,P019,Propagación de plantas,0.025085582653569364,0.03212323127699466
E15_r15_p068_502,E15,0.15,0.502,P020,"Otros frutos oleaginosos, otras plantas bebestibles y especias aromáticas",0.01813803477224751,0.02202063358608436
E15_r15_p068_502,E15,0.15,0.502,P021,Ganado bovino,0.0018970242041029546,0.003760393444811536
E15_r15_p068_502,E15,0.15,0.502,P022,Ganado porcino y otro tipo de animales vivos n.c.p.,0.004567119392230232,0.007981838723144468
E15_r15_p068_502,E15,0.15,0.502,P023,Aves de corral,0.0019441665669605141,0.0056523502568178495
E15_r15_p068_502,E15,0.15,0.502,P024,Leche cruda,0.003568072468450842,0.007940781471506928
E15_r15_p068_502,E15,0.15,0.502,P025,Huevos,0.0019639064584594393,0.004161500140049233
E15_r15_p068_502,E15,0.15,0.502,P026,Otros productos de animales vivos,0.0,0.003968907197929752
E15_r15_p068_502,E15,0.15,0.502,P027,Troncos de madera y leña,0.010938543872004722,0.015115488515964458
E15_r15_p068_502,E15,0.15,0.502,P028,Productos forestales no madereros,0.008684751818802267,0.014951530260527257
E15_r15_p068_502,E15,0.15,0.502,P029,"Peces vivos, frescos o refrigerados",0.07537789437937131,0.07734282046175014
E15_r15_p068_502,E15,0.15,0.502,P030,Crustáceos sin congelar y otros productos de la pesca,0.007594228380277224,0.011542331116019626
E15_r15_p068_502,E15,0.15,0.502,P031,Petróleo crudo y gas natural,0.018860623499202027,0.022461173194403015
E15_r15_p068_502,E15,0.15,0.502,P032,Minerales metálicos,0.006736187995470347,0.010478261079350126
E15_r15_p068_502,E15,0.15,0.502,P033,Minerales no metálicos,0.02212538379550647,0.02645267280179027
E15_r15_p068_502,E15,0.15,0.502,P034,Carne y despojos comestibles de ganado bovino; cueros y pieles de bovino y de otros animales,0.004003947040099376,0.009748522299280098
E15_r15_p068_502,E15,0.15,0.502,P035,Carne y despojos comestibles de ganado porcino,0.0017497628924279655,0.008779029808497431
E15_r15_p068_502,E15,0.15,0.502,P036,Carne y despojos comestibles de aves,0.003670982700242378,0.009880147153466079
E15_r15_p068_502,E15,0.15,0.502,P037,Carne y despojos de otros animales y conservas y preparados de carne,0.005453206166837695,0.010560324124865213
E15_r15_p068_502,E15,0.15,0.502,P038,"Pescado congelado, preparado o en conserva y sus productos",0.0013085180507272313,0.005430651117084383
E15_r15_p068_502,E15,0.15,0.502,P039,"Crustáceos, moluscos y demás invertebrados acuáticos congelados, preparados o en conserva y sus productos",0.0027014999664543553,0.007481100146013225
E15_r15_p068_502,E15,0.15,0.502,P040,"Vegetales preparados o en conserva, legumbres y papas",0.01195628140901002,0.017831984263895522
E15_r15_p068_502,E15,0.15,0.502,P041,Preparaciones y conservas de frutas y nueces,0.003910531206313176,0.007929091461574691
E15_r15_p068_502,E15,0.15,0.502,P042,Jugos de frutas,0.009290832775519255,0.014767259533423685
E15_r15_p068_502,E15,0.15,0.502,P043,Aceites de origen vegetal,0.004935999460721421,0.011522104003658808
E15_r15_p068_502,E15,0.15,0.502,P044,"Margarina, grasas y otros aceites de origen animal y vegetal",0.0062090628417152795,0.012940884130591622
E15_r15_p068_502,E15,0.15,0.502,P045,Leche líquida y crema procesada,0.004274571715746308,0.010836021316698606
E15_r15_p068_502,E15,0.15,0.502,P046,Otros productos lácteos n.c.p.,0.004426076277691331,0.010627830984017797
E15_r15_p068_502,E15,0.15,0.502,P047,Harina de trigo,0.006199444792363331,0.011948307055117019
E15_r15_p068_502,E15,0.15,0.502,P048,Arroz sin cáscara,0.007015220710774492,0.009873298172737676
E15_r15_p068_502,E15,0.15,0.502,P049,"Otros productos de molinería, almidones y productos de almidón",0.010369888446773877,0.014767156702212174
E15_r15_p068_502,E15,0.15,0.502,P050,Pan y otros productos de panadería y repostería n.c.p.,0.0011111978481199367,0.006998652374751555
E15_r15_p068_502,E15,0.15,0.502,P051,"Tortillas de maíz, incluso tostadas, horneadas o fritas",0.00010553160887181469,0.003626054957839329
E15_r15_p068_502,E15,0.15,0.502,P052,"Azúcar de caña sin refinar y refinada, melaza y los demás azúcares n.c.p.",0.0005019635314407253,0.010841381265277792
E15_r15_p068_502,E15,0.15,0.502,P053,Productos alimenticios n.c.p.,0.011098450259418104,0.015613103034585555
E15_r15_p068_502,E15,0.15,0.502,P054,Preparados para alimentación animal,0.0009072110211920488,0.004361000330259825
E15_r15_p068_502,E15,0.15,0.502,P055,"Aguardientes, licores, vinos, demás bebidas espirituosas y productos del tabaco",0.001438782381899341,0.006216962772495346
E15_r15_p068_502,E15,0.15,0.502,P056,Malta y cerveza de malta,0.01666933295686181,0.021637673943135025
E15_r15_p068_502,E15,0.15,0.502,P057,Bebidas no alcohólicas,0.01477787791385673,0.02188211508879468
E15_r15_p068_502,E15,0.15,0.502,P058,Aguas minerales y otras aguas embotelladas,0.015355400435085185,0.0198225366022757
E15_r15_p068_502,E15,0.15,0.502,P059,"Hilados, tejidos, telas y otros productos textiles excepto prendas de vestir",0.0057309997862718095,0.010069611817258304
E15_r15_p068_502,E15,0.15,0.502,P060,"Prendas de vestir, adobo y teñido de pieles",0.005484070832155016,0.010469544413387018
E15_r15_p068_502,E15,0.15,0.502,P061,Cuero de piel curtida o adobada y cuero artificial o regenerado y artículos de cuero,0.007241774820239671,0.012337502024350107
E15_r15_p068_502,E15,0.15,0.502,P062,"Calzado y sus partes, de cualquier material y de cualquier uso",0.0004514876238682331,0.005237940624263617
E15_r15_p068_502,E15,0.15,0.502,P063,"Madera aserrada y acepillada, productos de madera, corcho, paja y materiales trenzables",0.007568528522717935,0.016977830433131905
E15_r15_p068_502,E15,0.15,0.502,P064,Pasta de papel y papel,0.002192426612938719,0.006529440468275621
E15_r15_p068_502,E15,0.15,0.502,P065,Envases de papel y cartón,0.0029954740870855607,0.006654678282414356
E15_r15_p068_502,E15,0.15,0.502,P066,Productos de la edición,0.0032532755193412075,0.006777794676050368
E15_r15_p068_502,E15,0.15,0.502,P067,Productos de la impresión,0.005460145931432977,0.009372133376120178
E15_r15_p068_502,E15,0.15,0.502,P068,"Gasolinas, diésel oil y fuel oils",0.009593799683503976,0.011664644938685428
E15_r15_p068_502,E15,0.15,0.502,P069,"Aceites, grasas lubricantes y otros aceites preparados",0.0,0.0
E15_r15_p068_502,E15,0.15,0.502,P070,"Gases de petróleo, otros productos de la refinación de petróleo n.c.p.",0.019860757655402943,0.023712540600726566
E15_r15_p068_502,E15,0.15,0.502,P071,"Abonos, fertilizantes y pesticidas",0.0006893835467554999,0.0031369298157089345
E15_r15_p068_502,E15,0.15,0.502,P072,"Pinturas, barnices, tintas y productos relacionados",0.0032094885602106738,0.006612194195951352
E15_r15_p068_502,E15,0.15,0.502,P073,"Jabón, preparados de limpieza, perfumes y preparados de toilet",0.0044826406539038195,0.007051880726082395
E15_r15_p068_502,E15,0.15,0.502,P074,Otros productos químicos,0.010816154032234033,0.017702702733792576
E15_r15_p068_502,E15,0.15,0.502,P075,Productos farmacéuticos,0.002318498083965974,0.006151155213332275
E15_r15_p068_502,E15,0.15,0.502,P076,Productos de caucho y plástico,0.001479878808176802,0.0052593226976829326
E15_r15_p068_502,E15,0.15,0.502,P077,Vidrio y productos de vidrio,0.030221398383865714,0.04140539752795245
E15_r15_p068_502,E15,0.15,0.502,P078,Productos de cerámica y arcilla,0.01116804948552665,0.019733502540083863
E15_r15_p068_502,E15,0.15,0.502,P079,"Cemento, cal y yeso",0.00588424911405729,0.014760412019989894
E15_r15_p068_502,E15,0.15,0.502,P080,"Artículos de hormigón, cemento y yeso",0.0063528082005498265,0.01660721823473531
E15_r15_p068_502,E15,0.15,0.502,P081,Piedras talladas para construcción y otros productos minerales no metálicos n.c.p.,0.003906364745225424,0.009872303370586128
E15_r15_p068_502,E15,0.15,0.502,P082,"Métales básicos de hierro y acero, productos primarios de metales preciosos y otros metales no ferrosos",0.0050283678178869255,0.01136039716571349
E15_r15_p068_502,E15,0.15,0.502,P083,Productos metálicos estructurales y sus partes de hierro o de acero,0.0021776530111611236,0.004813279956839668
E15_r15_p068_502,E15,0.15,0.502,P084,Otros productos elaborados de metal,0.0055261271502432185,0.008179216592940502
E15_r15_p068_502,E15,0.15,0.502,P085,"Maquinaria para usos generales y especiales, sus partes y piezas, excepto electrodomésticos",0.0004886284015053958,0.00290410744186088
E15_r15_p068_502,E15,0.15,0.502,P086,Electrodomésticos y sus partes,0.0,0.0
E15_r15_p068_502,E15,0.15,0.502,P087,"Maquinaria de oficina, contabilidad e informática, sus partes y piezas",0.0,0.0
E15_r15_p068_502,E15,0.15,0.502,P088,"Maquinaria y aparatos eléctricos, sus partes y piezas",0.0008637258413508915,0.004124043310897686
E15_r15_p068_502,E15,0.15,0.502,P089,"Equipo y aparatos de radio, televisión y comunicaciones",0.0,0.0
E15_r15_p068_502,E15,0.15,0.502,P090,"Aparatos médicos, instrumentos ópticos y de precisión, relojes",0.0020220929346379127,0.0068957002283616215
E15_r15_p068_502,E15,0.15,0.502,P091,Equipo de transporte,0.005803216782490116,0.009626562485132153
E15_r15_p068_502,E15,0.15,0.502,P092,Muebles,0.0030337039692602003,0.010640602688974788
E15_r15_p068_502,E15,0.15,0.502,P093,Otros artículos n.c.p.,0.005043566430000445,0.008887983034235528
E15_r15_p068_502,E15,0.15,0.502,P094,Residuos y desechos,0.021795144664551267,0.024320808419681934
E15_r15_p068_502,E15,0.15,0.502,P095,"Generación y distribución de energía eléctrica, gas, vapor y aire acondicionado",0.03549263182289738,0.03825295265489165
E15_r15_p068_502,E15,0.15,0.502,P096,Agua natural y distribución de agua natural,0.015553985900899079,0.021393369147751837
E15_r15_p068_502,E15,0.15,0.502,P097,"Evacuación de aguas residuales, recogida, tratamiento y eliminación de desechos",0.027498485279249394,0.030130693326693762
E15_r15_p068_502,E15,0.15,0.502,P098,Edificaciones residenciales,0.0001061460823228918,0.0056825469297250315
E15_r15_p068_502,E15,0.15,0.502,P099,Edificaciones no residenciales,0.0002562430394793036,0.006607985241616701
E15_r15_p068_502,E15,0.15,0.502,P100,Obras de ingeniería civil,0.007949155796435146,0.014603654884236159
E15_r15_p068_502,E15,0.15,0.502,P101,Servicios generales y especializados de construcción,0.006463859738174196,0.01302138562524537
E15_r15_p068_502,E15,0.15,0.502,P102,Servicios de comercio,0.004566679176223146,0.007630253403408356
E15_r15_p068_502,E15,0.15,0.502,P103,Mantenimiento y reparación de vehículos automotores y motocicletas,0.011834568097127145,0.014137935432790683
E15_r15_p068_502,E15,0.15,0.502,P104,Servicio de transporte de pasajeros por vía terrestre,0.06796274407334436,0.0705330188341601
E15_r15_p068_502,E15,0.15,0.502,P105,Servicio de transporte de carga por vía terrestre,0.07314819237771669,0.07628949548187071
E15_r15_p068_502,E15,0.15,0.502,P106,Otros tipos de transporte,0.015667500312658875,0.018945582945773084
E15_r15_p068_502,E15,0.15,0.502,P107,Servicios de almacenamiento y depósito,0.0007043685882875632,0.005282943045494072
E15_r15_p068_502,E15,0.15,0.502,P108,Otros servicios de apoyo al transporte,0.006264144198198275,0.013373831178233842
E15_r15_p068_502,E15,0.15,0.502,P109,Servicios postales y de mensajería,0.02297734138723117,0.0303225511874633
E15_r15_p068_502,E15,0.15,0.502,P110,Servicio de alojamiento,0.007652403823489517,0.01225876437166555
E15_r15_p068_502,E15,0.15,0.502,P111,Servicio de suministro de comidas y bebidas,0.0012266516643311557,0.006765457598464936
E15_r15_p068_502,E15,0.15,0.502,P112,"Servicios de información, telecomunicaciones y radiodifusión",0.0035806451229029885,0.005205646568885013
E15_r15_p068_502,E15,0.15,0.502,P113,Servicios de banco central,0.0009417624031043549,0.004648946105485439
E15_r15_p068_502,E15,0.15,0.502,P114,Otros servicios financieros y servicios de banca de inversión,0.0003012868901453946,0.004562946700236601
E15_r15_p068_502,E15,0.15,0.502,P115,Servicios de Intermediación Financiera Medidos Indirectamente (SIFMI),0.0001748472392950303,0.002678918607275039
E15_r15_p068_502,E15,0.15,0.502,P116,"Servicios de seguro, reaseguro y fondos de pensiones",0.00019575577622207212,0.0023055893206235197
E15_r15_p068_502,E15,0.15,0.502,P117,Servicios auxiliares de la intermediación financiera,0.0023803481016758327,0.005077486402790631
E15_r15_p068_502,E15,0.15,0.502,P118,Servicios de alquiler de vivienda,2.7138385194887184e-10,0.000608149931288612
E15_r15_p068_502,E15,0.15,0.502,P119,"Otros servicios inmobiliarios, excepto alquiler de vivienda",0.0014454851261604556,0.004592822215905096
E15_r15_p068_502,E15,0.15,0.502,P120,"Servicios jurídicos, de contabilidad, auditoría, teneduría de libros y consultoría fiscal",0.001106060448992206,0.0024783754301245246
E15_r15_p068_502,E15,0.15,0.502,P121,Servicios de tecnología de la información,0.006329809599464963,0.008781437377772702
E15_r15_p068_502,E15,0.15,0.502,P122,"Servicios de arquitectura e ingeniería, ensayos y análisis técnicos",0.006188213092518089,0.009231828531543583
E15_r15_p068_502,E15,0.15,0.502,P123,"Otros servicios profesionales, científicos y técnicos",0.001493352015941672,0.0033487629321086614
E15_r15_p068_502,E15,0.15,0.502,P124,Servicios de publicidad y estudios de mercado,0.002310348369918419,0.005594267823107154
E15_r15_p068_502,E15,0.15,0.502,P125,Servicios de arrendamiento o alquiler sin operador,0.007647120847417219,0.010089956643323
E15_r15_p068_502,E15,0.15,0.502,P126,Servicios  de agencias de empleo y de dotación de recursos humanos,0.0014762397526757673,0.002221054590016505
E15_r15_p068_502,E15,0.15,0.502,P127,"Servicios de agencias de viajes, operadores turísticos y actividades conexas",0.005269189039704076,0.008121469196188535
E15_r15_p068_502,E15,0.15,0.502,P128,"Servicios de seguridad, sistemas de seguridad e investigación privada",0.0035627987064493194,0.004796607653322136
E15_r15_p068_502,E15,0.15,0.502,P129,Servicios de limpieza,0.00243343153425606,0.004829397918252004
E15_r15_p068_502,E15,0.15,0.502,P130,Servicios telefónicos de centros de llamadas,0.0006977196688697978,0.002567145650928772
E15_r15_p068_502,E15,0.15,0.502,P131,"Servicios administrativos, de apoyo de oficina y otros servicios de apoyo a las empresas",0.008906911977975336,0.011368993589226006
E15_r15_p068_502,E15,0.15,0.502,P132,"Servicios de mantenimiento, reparación e instalación de productos metálicos elaborados, maquinaria y equipo",0.005084094467881587,0.00981122505515951
E15_r15_p068_502,E15,0.15,0.502,P133,Servicios de reparación de otros bienes,0.002552980071351861,0.004333820194309267
E15_r15_p068_502,E15,0.15,0.502,P134,"Servicios de apoyo a la agricultura, caza, silvicultura y pesca",0.008299251185056597,0.009450422735371744
E15_r15_p068_502,E15,0.15,0.502,P135,"Servicios de apoyo a la explotación de minas y canteras y los relacionados con la distribución de electricidad, gas y agua",0.001504269011157243,0.004758649246334803
E15_r15_p068_502,E15,0.15,0.502,P136,Servicios de manufactura,0.007766178888943422,0.012515394640060141
E15_r15_p068_502,E15,0.15,0.502,P137,Servicios públicos del gobierno general,0.011627659578051881,0.01808801168049696
E15_r15_p068_502,E15,0.15,0.502,P138,"Servicios públicos administrativos relacionados con la provisión de servicios educativos, de salud, servicios sociales, culturales y otros, sin contar los servicios de seguridad social",0.0005455719003497791,0.003952802548887887
E15_r15_p068_502,E15,0.15,0.502,P139,Otros servicios administrativos,0.0010046731724421202,0.0062437533625357465
E15_r15_p068_502,E15,0.15,0.502,P140,Servicios públicos administrativos prestados a la comunidad en su conjunto,0.0015966961492918743,0.0032415481724812033
E15_r15_p068_502,E15,0.15,0.502,P141,Servicios administrativos relacionados con los sistemas de seguridad social de afiliación obligatoria,0.0018682309480333996,0.0032993795910528055
E15_r15_p068_502,E15,0.15,0.502,P142,Servicios de enseñanza,0.0011781524853368038,0.0023481918321362734
E15_r15_p068_502,E15,0.15,0.502,P143,Servicios de hospitalización,0.0029071685261264947,0.005167463395751343
E15_r15_p068_502,E15,0.15,0.502,P144,Servicios médicos y dentales,0.003033258197386098,0.0054033782685527
E15_r15_p068_502,E15,0.15,0.502,P145,Otros servicios de atención de la salud humana,0.0027084005243775563,0.006129343911280128
E15_r15_p068_502,E15,0.15,0.502,P146,"Servicios audiovisuales, recreativos, culturales y deportivos",0.005457195263388801,0.00997399094084283
E15_r15_p068_502,E15,0.15,0.502,P147,Servicios de asociaciones que sirven a las empresas,0.004335343185128416,0.007571546442886623
E15_r15_p068_502,E15,0.15,0.502,P148,Servicios de asociaciones que sirven a los hogares,0.0036973458417131457,0.00812331546626932
E15_r15_p068_502,E15,0.15,0.502,P149,Otros servicios,0.0017753117680114404,0.0030786044509890083
E15_r15_p068_502,E15,0.15,0.502,P150,Servicios domésticos,0.0,0.0
E15_r15_p068_502,E15,0.15,0.502,P151,Compras directas en el exterior por residentes,0.0,0.0
E15_r15_p068_502,E15,0.15,0.502,P152,Compras directas en el territorio nacional por no residentes,0.0,0.0
E15_r30_p068_450,E15,0.3,0.45,P001,Maíz,0.0068709496080641775,0.010663566466376171
E15_r30_p068_450,E15,0.3,0.45,P002,Frijoles,0.0006069272421145572,0.005280045412539889
E15_r30_p068_450,E15,0.3,0.45,P003,Leguminosas (legumbres secas) y semillas oleaginosas,0.016793814150619816,0.025535421613978166
E15_r30_p068_450,E15,0.3,0.45,P004,Arroz,0.00833988138177417,0.01850329687900211
E15_r30_p068_450,E15,0.3,0.45,P005,Otros cereales,0.005611716956802701,0.009968841271712188
E15_r30_p068_450,E15,0.3,0.45,P006,Hortalizas,0.010883296560828655,0.017663769996583922
E15_r30_p068_450,E15,0.3,0.45,P007,Sandías y melones,0.008216624083792604,0.015236373438932286
E15_r30_p068_450,E15,0.3,0.45,P008,Ejotes y arvejas,0.007950941828918848,0.01400478947361316
E15_r30_p068_450,E15,0.3,0.45,P009,Raíces y tubérculos,0.010299736065762117,0.02009860083121549
E15_r30_p068_450,E15,0.3,0.45,P010,Caña de azúcar y otras plantas azucareras,0.01753624346384605,0.03238458807366102
E15_r30_p068_450,E15,0.3,0.45,P011,Tabaco y otras plantas no perennes,0.00163795074114585,0.010926624920698473
E15_r30_p068_450,E15,0.3,0.45,P012,"Bananos, plátanos y otros",0.016847735311147593,0.031166736037655293
E15_r30_p068_450,E15,0.3,0.45,P013,Frutas tropicales y subtropicales,0.010275272536762322,0.016386862896420915
E15_r30_p068_450,E15,0.3,0.45,P014,"Berries, otras frutas y semillas de frutas",0.012279121420302986,0.01783343191406424
E15_r30_p068_450,E15,0.3,0.45,P015,Palma africana,0.013826396331169312,0.028779825850394666
E15_r30_p068_450,E15,0.3,0.45,P016,Café en grano,0.0006367945327374998,0.012059062938355482
E15_r30_p068_450,E15,0.3,0.45,P017,Cardamomo,0.006921241193047188,0.019655733442406627
E15_r30_p068_450,E15,0.3,0.45,P018,Caucho natural,0.02642045822837236,0.05450700622193984
E15_r30_p068_450,E15,0.3,0.45,P019,Propagación de plantas,0.06728727874678526,0.08616442548026838
E15_r30_p068_450,E15,0.3,0.45,P020,"Otros frutos oleaginosos, otras plantas bebestibles y especias aromáticas",0.04865181002544688,0.05906613893526017
E15_r30_p068_450,E15,0.3,0.45,P021,Ganado bovino,0.005088404689404797,0.010086536374813496
E15_r30_p068_450,E15,0.3,0.45,P022,Ganado porcino y otro tipo de animales vivos n.c.p.,0.01225042447124974,0.02140975613335763
E15_r30_p068_450,E15,0.3,0.45,P023,Aves de corral,0.005214855063477625,0.015161348753876746
E15_r30_p068_450,E15,0.3,0.45,P024,Leche cruda,0.009570672130241346,0.021299627906572405
E15_r30_p068_450,E15,0.3,0.45,P025,Huevos,0.005267803547874517,0.011162428387464054
E15_r30_p068_450,E15,0.3,0.45,P026,Otros productos de animales vivos,0.0,0.010645834646747693
E15_r30_p068_450,E15,0.3,0.45,P027,Troncos de madera y leña,0.029340552330953916,0.04054440764694833
E15_r30_p068_450,E15,0.3,0.45,P028,Productos forestales no madereros,0.023295186105444093,0.0401046209778964
E15_r30_p068_450,E15,0.3,0.45,P029,"Peces vivos, frescos o refrigerados",0.20218678834349574,0.2074573268375673
E15_r30_p068_450,E15,0.3,0.45,P030,Crustáceos sin congelar y otros productos de la pesca,0.020370065505245626,0.030960096160285826
E15_r30_p068_450,E15,0.3,0.45,P031,Petróleo crudo y gas natural,0.05059001611622527,0.0602478021971146
E15_r30_p068_450,E15,0.3,0.45,P032,Minerales metálicos,0.01806853624256835,0.028105931752296875
E15_r30_p068_450,E15,0.3,0.45,P033,Minerales no metálicos,0.059347111342299974,0.07095423666224099
E15_r30_p068_450,E15,0.3,0.45,P034,Carne y despojos comestibles de ganado bovino; cueros y pieles de bovino y de otros animales,0.010739822323249814,0.026148547011228315
E15_r30_p068_450,E15,0.3,0.45,P035,Carne y despojos comestibles de ganado porcino,0.004693404379301085,0.02354806878550425
E15_r30_p068_450,E15,0.3,0.45,P036,Carne y despojos comestibles de aves,0.009846709149117129,0.026501605514031606
E15_r30_p068_450,E15,0.3,0.45,P037,Carne y despojos de otros animales y conservas y preparados de carne,0.014627182811697087,0.028326050180265624
E15_r30_p068_450,E15,0.3,0.45,P038,"Pescado congelado, preparado o en conserva y sus productos",0.003509849463749864,0.014566683203581234
E15_r30_p068_450,E15,0.3,0.45,P039,"Crustáceos, moluscos y demás invertebrados acuáticos congelados, preparados o en conserva y sus productos",0.007246257094665518,0.020066620648565354
E15_r30_p068_450,E15,0.3,0.45,P040,"Vegetales preparados o en conserva, legumbres y papas",0.03207043866802881,0.04783088805801769
E15_r30_p068_450,E15,0.3,0.45,P041,Preparaciones y conservas de frutas y nueces,0.010489252211558943,0.021268271690225906
E15_r30_p068_450,E15,0.3,0.45,P042,Jugos de frutas,0.02492088238050876,0.039610349987633936
E15_r30_p068_450,E15,0.3,0.45,P043,Aceites de origen vegetal,0.013239874719843754,0.030905840799090502
E15_r30_p068_450,E15,0.3,0.45,P044,"Margarina, grasas y otros aceites de origen animal y vegetal",0.016654623811472695,0.034711447198579236
E15_r30_p068_450,E15,0.3,0.45,P045,Leche líquida y crema procesada,0.011465721268372479,0.029065555180120984
E15_r30_p068_450,E15,0.3,0.45,P046,Otros productos lácteos n.c.p.,0.01187210328595555,0.028507124421667543
E15_r30_p068_450,E15,0.3,0.45,P047,Harina de trigo,0.016628825233194394,0.03204904898852111
E15_r30_p068_450,E15,0.3,0.45,P048,Arroz sin cáscara,0.018816988146334316,0.026483234432850517
E15_r30_p068_450,E15,0.3,0.45,P049,"Otros productos de molinería, almidones y productos de almidón",0.02781524288780509,0.03961007416257186
E15_r30_p068_450,E15,0.3,0.45,P050,Pan y otros productos de panadería y repostería n.c.p.,0.002980575750694608,0.0187725467530551
E15_r30_p068_450,E15,0.3,0.45,P051,"Tortillas de maíz, incluso tostadas, horneadas o fritas",0.0002830683616489226,0.00972619907094649
E15_r30_p068_450,E15,0.3,0.45,P052,"Azúcar de caña sin refinar y refinada, melaza y los demás azúcares n.c.p.",0.0013464211904987157,0.02907993221728598
E15_r30_p068_450,E15,0.3,0.45,P053,Productos alimenticios n.c.p.,0.029769470638806916,0.041879163442151715
E15_r30_p068_450,E15,0.3,0.45,P054,Preparados para alimentación animal,0.002433420092653074,0.011697549500420418
E15_r30_p068_450,E15,0.3,0.45,P055,"Aguardientes, licores, vinos, demás bebidas espirituosas y productos del tabaco",0.0038592586237198487,0.016675813865210713
E15_r30_p068_450,E15,0.3,0.45,P056,Malta y cerveza de malta,0.04471229824242255,0.058038922920397744
E15_r30_p068_450,E15,0.3,0.45,P057,Bebidas no alcohólicas,0.039638831762759716,0.05869458955299413
E15_r30_p068_450,E15,0.3,0.45,P058,Aguas minerales y otras aguas embotelladas,0.04118792549540682,0.05317016408370711
E15_r30_p068_450,E15,0.3,0.45,P059,"Hilados, tejidos, telas y otros productos textiles excepto prendas de vestir",0.015372311077724507,0.027009808246306555
E15_r30_p068_450,E15,0.3,0.45,P060,"Prendas de vestir, adobo y teñido de pieles",0.014709971374646304,0.028082550962601784
E15_r30_p068_450,E15,0.3,0.45,P061,Cuero de piel curtida o adobada y cuero artificial o regenerado y artículos de cuero,0.019424676224595636,0.03309299007385633
E15_r30_p068_450,E15,0.3,0.45,P062,"Calzado y sus partes, de cualquier material y de cualquier uso",0.0012110292201494048,0.014049774155586049
E15_r30_p068_450,E15,0.3,0.45,P063,"Madera aserrada y acepillada, productos de madera, corcho, paja y materiales trenzables",0.020301130551522373,0.04553978373339688
E15_r30_p068_450,E15,0.3,0.45,P064,Pasta de papel y papel,0.005880765165950302,0.01751397553394631
E15_r30_p068_450,E15,0.3,0.45,P065,Envases de papel y cartón,0.008034786461211385,0.01784990202311607
E15_r30_p068_450,E15,0.3,0.45,P066,Productos de la edición,0.008726289507924074,0.018180138207433135
E15_r30_p068_450,E15,0.3,0.45,P067,Productos de la impresión,0.014645797403241902,0.0251389556957856
E15_r30_p068_450,E15,0.3,0.45,P068,"Gasolinas, diésel oil y fuel oils",0.02573353317958114,0.031288179601438336
E15_r30_p068_450,E15,0.3,0.45,P069,"Aceites, grasas lubricantes y otros aceites preparados",0.0,0.0
E15_r30_p068_450,E15,0.3,0.45,P070,"Gases de petróleo, otros productos de la refinación de petróleo n.c.p.",0.05327268475031005,0.06360435598527045
E15_r30_p068_450,E15,0.3,0.45,P071,"Abonos, fertilizantes y pesticidas",0.001849139544198889,0.00841421440488947
E15_r30_p068_450,E15,0.3,0.45,P072,"Pinturas, barnices, tintas y productos relacionados",0.008608839362747913,0.0177359465847427
E15_r30_p068_450,E15,0.3,0.45,P073,"Jabón, preparados de limpieza, perfumes y preparados de toilet",0.012023826409229556,0.018915321627479637
E15_r30_p068_450,E15,0.3,0.45,P074,Otros productos químicos,0.029012264988453104,0.04748411507399014
E15_r30_p068_450,E15,0.3,0.45,P075,Productos farmacéuticos,0.006218927780316414,0.016499297671100265
E15_r30_p068_450,E15,0.3,0.45,P076,Productos de caucho y plástico,0.003969491928985923,0.014107127478975759
E15_r30_p068_450,E15,0.3,0.45,P077,Vidrio y productos de vidrio,0.08106312240204133,0.1110620615658042
E15_r30_p068_450,E15,0.3,0.45,P078,Productos de cerámica y arcilla,0.029956157254477766,0.05293134723646083
E15_r30_p068_450,E15,0.3,0.45,P079,"Cemento, cal y yeso",0.015783373096050473,0.03959198284219009
E15_r30_p068_450,E15,0.3,0.45,P080,"Artículos de hormigón, cemento y yeso",0.017040193250382283,0.04454568737753955
E15_r30_p068_450,E15,0.3,0.45,P081,Piedras talladas para construcción y otros productos minerales no metálicos n.c.p.,0.010478076476377869,0.026480566066299362
E15_r30_p068_450,E15,0.3,0.45,P082,"Métales básicos de hierro y acero, productos primarios de metales preciosos y otros metales no ferrosos",0.013487635175792089,0.030472093126957412
E15_r30_p068_450,E15,0.3,0.45,P083,Productos metálicos estructurales y sus partes de hierro o de acero,0.005841137804105406,0.012910703116401502
E15_r30_p068_450,E15,0.3,0.45,P084,Otros productos elaborados de metal,0.014822779406149681,0.021939184527619896
E15_r30_p068_450,E15,0.3,0.45,P085,"Maquinaria para usos generales y especiales, sus partes y piezas, excepto electrodomésticos",0.0013106522543143515,0.007789712906002692
E15_r30_p068_450,E15,0.3,0.45,P086,Electrodomésticos y sus partes,0.0,0.0
E15_r30_p068_450,E15,0.3,0.45,P087,"Maquinaria de oficina, contabilidad e informática, sus partes y piezas",0.0,0.0
E15_r30_p068_450,E15,0.3,0.45,P088,"Maquinaria y aparatos eléctricos, sus partes y piezas",0.002316779412716158,0.011061957605545339
E15_r30_p068_450,E15,0.3,0.45,P089,"Equipo y aparatos de radio, televisión y comunicaciones",0.0,0.0
E15_r30_p068_450,E15,0.3,0.45,P090,"Aparatos médicos, instrumentos ópticos y de precisión, relojes",0.005423877644138613,0.018496397306283774
E15_r30_p068_450,E15,0.3,0.45,P091,Equipo de transporte,0.015566019361159788,0.025821413130233468
E15_r30_p068_450,E15,0.3,0.45,P092,Muebles,0.008137330810045782,0.028541382078082406
E15_r30_p068_450,E15,0.3,0.45,P093,Otros artículos n.c.p.,0.013528402546595061,0.023840314980135
E15_r30_p068_450,E15,0.3,0.45,P094,Residuos y desechos,0.05846130801994752,0.06523591810013031
E15_r30_p068_450,E15,0.3,0.45,P095,"Generación y distribución de energía eléctrica, gas, vapor y aire acondicionado",0.09520219816718134,0.10260623098626873
E15_r30_p068_450,E15,0.3,0.45,P096,Agua natural y distribución de agua natural,0.04172059303507739,0.05738362202134584
E15_r30_p068_450,E15,0.3,0.45,P097,"Evacuación de aguas residuales, recogida, tratamiento y eliminación de desechos",0.07375942865875394,0.08081982343027898
E15_r30_p068_450,E15,0.3,0.45,P098,Edificaciones residenciales,0.0002847165691853436,0.015242345554915444
E15_r30_p068_450,E15,0.3,0.45,P099,Edificaciones no residenciales,0.0006873229560770875,0.01772465686955214
E15_r30_p068_450,E15,0.3,0.45,P100,Obras de ingeniería civil,0.021322090431901898,0.039171511799732224
E15_r30_p068_450,E15,0.3,0.45,P101,Servicios generales y especializados de construcción,0.017338067765420778,0.034927377064953274
E15_r30_p068_450,E15,0.3,0.45,P102,Servicios de comercio,0.012249243675986314,0.020466695741296316
E15_r30_p068_450,E15,0.3,0.45,P103,Mantenimiento y reparación de vehículos automotores y motocicletas,0.03174396598222528,0.03792230842343543
E15_r30_p068_450,E15,0.3,0.45,P104,Servicio de transporte de pasajeros por vía terrestre,0.1822970655301429,0.18919133610281494
E15_r30_p068_450,E15,0.3,0.45,P105,Servicio de transporte de carga por vía terrestre,0.19620603907490128,0.20463198398980947
E15_r30_p068_450,E15,0.3,0.45,P106,Otros tipos de transporte,0.04202507373904749,0.05081790358619343
E15_r30_p068_450,E15,0.3,0.45,P107,Servicios de almacenamiento y depósito,0.001889334052754847,0.014170484545431542
E15_r30_p068_450,E15,0.3,0.45,P108,Otros servicios de apoyo al transporte,0.016802369017896873,0.035872744868225157
E15_r30_p068_450,E15,0.3,0.45,P109,Servicios postales y de mensajería,0.06163232467565114,0.0813344454558322
E15_r30_p068_450,E15,0.3,0.45,P110,Servicio de alojamiento,0.0205261100076876,0.032881791376292886
E15_r30_p068_450,E15,0.3,0.45,P111,Servicio de suministro de comidas y bebidas,0.0032902585362638336,0.01814704635583552
E15_r30_p068_450,E15,0.3,0.45,P112,"Servicios de información, telecomunicaciones y radiodifusión",0.009604395871738265,0.013963151527117218
E15_r30_p068_450,E15,0.3,0.45,P113,Servicios de banco central,0.0025260975679155108,0.012469908983121463
E15_r30_p068_450,E15,0.3,0.45,P114,Otros servicios financieros y servicios de banca de inversión,0.0008081444724617818,0.012239232022855085
E15_r30_p068_450,E15,0.3,0.45,P115,Servicios de Intermediación Financiera Medidos Indirectamente (SIFMI),0.00046899428612141717,0.007185686916545148
E15_r30_p068_450,E15,0.3,0.45,P116,"Servicios de seguro, reaseguro y fondos de pensiones",0.0005250774384175483,0.0061843024909900585
E15_r30_p068_450,E15,0.3,0.45,P117,Servicios auxiliares de la intermediación financiera,0.006384828626217025,0.013619386387621842
E15_r30_p068_450,E15,0.3,0.45,P118,Servicios de alquiler de vivienda,7.279352903872766e-10,0.0016312459037355724
E15_r30_p068_450,E15,0.3,0.45,P119,"Otros servicios inmobiliarios, excepto alquiler de vivienda",0.003877237453539927,0.012319367381010854
E15_r30_p068_450,E15,0.3,0.45,P120,"Servicios jurídicos, de contabilidad, auditoría, teneduría de libros y consultoría fiscal",0.0029667956598785025,0.006647768190556439
E15_r30_p068_450,E15,0.3,0.45,P121,Servicios de tecnología de la información,0.01697850390063289,0.02355452662972355
E15_r30_p068_450,E15,0.3,0.45,P122,"Servicios de arquitectura e ingeniería, ensayos y análisis técnicos",0.01659869834602084,0.024762614778497543
E15_r30_p068_450,E15,0.3,0.45,P123,"Otros servicios profesionales, científicos y técnicos",0.004005631232545577,0.008982416234116693
E15_r30_p068_450,E15,0.3,0.45,P124,Servicios de publicidad y estudios de mercado,0.006197067730725482,0.015005553731638059
E15_r30_p068_450,E15,0.3,0.45,P125,Servicios de arrendamiento o alquiler sin operador,0.020511939434554084,0.02706437935200402
E15_r30_p068_450,E15,0.3,0.45,P126,Servicios  de agencias de empleo y de dotación de recursos humanos,0.003959730858443744,0.005957554240383679
E15_r30_p068_450,E15,0.3,0.45,P127,"Servicios de agencias de viajes, operadores turísticos y actividades conexas",0.014133592054862079,0.021784288177959143
E15_r30_p068_450,E15,0.3,0.45,P128,"Servicios de seguridad, sistemas de seguridad e investigación privada",0.00955652627209082,0.012865982850198094
E15_r30_p068_450,E15,0.3,0.45,P129,Servicios de limpieza,0.006527214783803591,0.012953936465905837
E15_r30_p068_450,E15,0.3,0.45,P130,Servicios telefónicos de centros de llamadas,0.0018714995977849747,0.00688587733373072
E15_r30_p068_450,E15,0.3,0.45,P131,"Servicios administrativos, de apoyo de oficina y otros servicios de apoyo a las empresas",0.023891088252232844,0.030495151389270874
E15_r30_p068_450,E15,0.3,0.45,P132,"Servicios de mantenimiento, reparación e instalación de productos metálicos elaborados, maquinaria y equipo",0.01363711125867198,0.026316735164213043
E15_r30_p068_450,E15,0.3,0.45,P133,Servicios de reparación de otros bienes,0.006847880875176637,0.011624643982962946
E15_r30_p068_450,E15,0.3,0.45,P134,"Servicios de apoyo a la agricultura, caza, silvicultura y pesca",0.022261154368644214,0.02534895193193513
E15_r30_p068_450,E15,0.3,0.45,P135,"Servicios de apoyo a la explotación de minas y canteras y los relacionados con la distribución de electricidad, gas y agua",0.004034913984726059,0.012764166681643712
E15_r30_p068_450,E15,0.3,0.45,P136,Servicios de manufactura,0.020831289865351432,0.03357015299989155
E15_r30_p068_450,E15,0.3,0.45,P137,Servicios públicos del gobierno general,0.031188973443667632,0.04851763264695505
E15_r30_p068_450,E15,0.3,0.45,P138,"Servicios públicos administrativos relacionados con la provisión de servicios educativos, de salud, servicios sociales, culturales y otros, sin contar los servicios de seguridad social",0.0014633923015547566,0.010602637005131628
E15_r30_p068_450,E15,0.3,0.45,P139,Otros servicios administrativos,0.0026948436772271317,0.01674767450025093
E15_r30_p068_450,E15,0.3,0.45,P140,Servicios públicos administrativos prestados a la comunidad en su conjunto,0.0042828321093843135,0.008694833142408199
E15_r30_p068_450,E15,0.3,0.45,P141,Servicios administrativos relacionados con los sistemas de seguridad social de afiliación obligatoria,0.0050111722856797025,0.008849954864533945
E15_r30_p068_450,E15,0.3,0.45,P142,Servicios de enseñanza,0.003160168762346669,0.006298575581914813
E15_r30_p068_450,E15,0.3,0.45,P143,Servicios de hospitalización,0.007797923679222205,0.013860732466353783
E15_r30_p068_450,E15,0.3,0.45,P144,Servicios médicos y dentales,0.008136135112231446,0.014493529002352864
E15_r30_p068_450,E15,0.3,0.45,P145,Otros servicios de atención de la salud humana,0.007264766521809348,0.01644079302397761
E15_r30_p068_450,E15,0.3,0.45,P146,"Servicios audiovisuales, recreativos, culturales y deportivos",0.014637882800423238,0.026753323529398285
E15_r30_p068_450,E15,0.3,0.45,P147,Servicios de asociaciones que sirven a las empresas,0.011628729114617733,0.020309225545305468
E15_r30_p068_450,E15,0.3,0.45,P148,Servicios de asociaciones que sirven a los hogares,0.00991742323510357,0.021789240444417657
E15_r30_p068_450,E15,0.3,0.45,P149,Otros servicios,0.004761934352744121,0.008257767766670402
E15_r30_p068_450,E15,0.3,0.45,P150,Servicios domésticos,0.0,0.0
E15_r30_p068_450,E15,0.3,0.45,P151,Compras directas en el exterior por residentes,0.0,0.0
E15_r30_p068_450,E15,0.3,0.45,P152,Compras directas en el territorio nacional por no residentes,0.0,0.0
E15_r30_p068_502,E15,0.3,0.502,P001,Maíz,0.007664926007218259,0.01189580081360186
E15_r30_p068_502,E15,0.3,0.502,P002,Frijoles,0.000677061056758906,0.005890183993544498
E15_r30_p068_502,E15,0.3,0.502,P003,Leguminosas (legumbres secas) y semillas oleaginosas,0.01873443267469144,0.028486181444926765
E15_r30_p068_502,E15,0.3,0.502,P004,Arroz,0.009303601008112517,0.02064145562946457
E15_r30_p068_502,E15,0.3,0.502,P005,Otros cereales,0.00626018202736657,0.011120796263110038
E15_r30_p068_502,E15,0.3,0.502,P006,Hortalizas,0.012140921941191079,0.019704916751744732
E15_r30_p068_502,E15,0.3,0.502,P007,Sandías y melones,0.009166100644586415,0.01699702103632002
E15_r30_p068_502,E15,0.3,0.502,P008,Ejotes y arvejas,0.00886971732914947,0.015623120701675123
E15_r30_p068_502,E15,0.3,0.502,P009,Raíces y tubérculos,0.011489927788916852,0.022421105816155952
E15_r30_p068_502,E15,0.3,0.502,P010,Caña de azúcar y otras plantas azucareras,0.01956265381966826,0.036126807139950735
E15_r30_p068_502,E15,0.3,0.502,P011,Tabaco y otras plantas no perennes,0.0018272250490115928,0.012189257133756966
E15_r30_p068_502,E15,0.3,0.502,P012,"Bananos, plátanos y otros",0.018794584724880204,0.034768225535339925
E15_r30_p068_502,E15,0.3,0.502,P013,Frutas tropicales y subtropicales,0.011462637363232634,0.01828045594222955
E15_r30_p068_502,E15,0.3,0.502,P014,"Berries, otras frutas y semillas de frutas",0.013698042117760219,0.019894184046356088
E15_r30_p068_502,E15,0.3,0.502,P015,Palma africana,0.01542411324054888,0.03210549461532917
E15_r30_p068_502,E15,0.3,0.502,P016,Café en grano,0.0007103796787427219,0.013452554655676558
E15_r30_p068_502,E15,0.3,0.502,P017,Cardamomo,0.007721029064243752,0.02192706264019584
E15_r30_p068_502,E15,0.3,0.502,P018,Caucho natural,0.029473488956984276,0.060805593607586236
E15_r30_p068_502,E15,0.3,0.502,P019,Propagación de plantas,0.07506269762419157,0.0961212035357661
E15_r30_p068_502,E15,0.3,0.502,P020,"Otros frutos oleaginosos, otras plantas bebestibles y especias aromáticas",0.05427379696172073,0.06589155943444579
E15_r30_p068_502,E15,0.3,0.502,P021,Ganado bovino,0.005676398120180462,0.011252091689236392
E15_r30_p068_502,E15,0.3,0.502,P022,Ganado porcino y otro tipo de animales vivos n.c.p.,0.013666029076816376,0.02388377239765674
E15_r30_p068_502,E15,0.3,0.502,P023,Aves de corral,0.005817460537479484,0.0169133268321025
E15_r30_p068_502,E15,0.3,0.502,P024,Leche cruda,0.010676616465291456,0.023760918242442988
E15_r30_p068_502,E15,0.3,0.502,P025,Huevos,0.005876527513406684,0.012452309001126566
E15_r30_p068_502,E15,0.3,0.502,P026,Otros productos de animales vivos,0.0,0.0118760199837052
E15_r30_p068_502,E15,0.3,0.502,P027,Troncos de madera y leña,0.03273101615586414,0.04522953919726235
E15_r30_p068_502,E15,0.3,0.502,P028,Productos forestales no madereros,0.025987074277628745,0.044738932735342206
E15_r30_p068_502,E15,0.3,0.502,P029,"Peces vivos, frescos o refrigerados",0.2255505949965219,0.2314301734943528
E15_r30_p068_502,E15,0.3,0.502,P030,Crustáceos sin congelar y otros productos de la pesca,0.022723939741407337,0.03453770727214108
E15_r30_p068_502,E15,0.3,0.502,P031,Petróleo crudo y gas natural,0.0564359735341002,0.06720977045100343
E15_r30_p068_502,E15,0.3,0.502,P032,Minerales metálicos,0.020156455986154027,0.03135372831034007
E15_r30_p068_502,E15,0.3,0.502,P033,Minerales no metálicos,0.06620499976407687,0.0791533928987666
E15_r30_p068_502,E15,0.3,0.502,P034,Carne y despojos comestibles de ganado bovino; cueros y pieles de bovino y de otros animales,0.011980868458380901,0.029170156888081368
E15_r30_p068_502,E15,0.3,0.502,P035,Carne y despojos comestibles de ganado porcino,0.005235753329798099,0.026269178956273634
E15_r30_p068_502,E15,0.3,0.502,P036,Carne y despojos comestibles de aves,0.010984551095237329,0.029564013262319687
E15_r30_p068_502,E15,0.3,0.502,P037,Carne y despojos de otros animales y conservas y preparados de carne,0.016317435047715417,0.031599282645540766
E15_r30_p068_502,E15,0.3,0.502,P038,"Pescado congelado, preparado o en conserva y sus productos",0.003915432068449848,0.016249944373772845
E15_r30_p068_502,E15,0.3,0.502,P039,"Crustáceos, moluscos y demás invertebrados acuáticos congelados, preparados o en conserva y sus productos",0.008083602358937979,0.022385430145732906
E15_r30_p068_502,E15,0.3,0.502,P040,"Vegetales preparados o en conserva, legumbres y papas",0.035776356025223256,0.053358012900277516
E15_r30_p068_502,E15,0.3,0.502,P041,Preparaciones y conservas de frutas y nueces,0.011701343578227975,0.02372593864109645
E15_r30_p068_502,E15,0.3,0.502,P042,Jugos de frutas,0.0278006287889231,0.044187545986204974
E15_r30_p068_502,E15,0.3,0.502,P043,Aceites de origen vegetal,0.014769815798581257,0.03447718240254096
E15_r30_p068_502,E15,0.3,0.502,P044,"Margarina, grasas y otros aceites de origen animal y vegetal",0.018579158118576206,0.038722547763748394
E15_r30_p068_502,E15,0.3,0.502,P045,Leche líquida y crema procesada,0.012790649059384408,0.03242424155649053
E15_r30_p068_502,E15,0.3,0.502,P046,Otros productos lácteos n.c.p.,0.013243990776777079,0.031801281021504674
E15_r30_p068_502,E15,0.3,0.502,P047,Harina de trigo,0.018550378371252414,0.035752494649416884
E15_r30_p068_502,E15,0.3,0.502,P048,Arroz sin cáscara,0.02099139566546628,0.029543519300646567
E15_r30_p068_502,E15,0.3,0.502,P049,"Otros productos de molinería, almidones y productos de almidón",0.031029448732618127,0.044187238288024615
E15_r30_p068_502,E15,0.3,0.502,P050,Pan y otros productos de panadería y repostería n.c.p.,0.0033249978374415407,0.020941818822297013
E15_r30_p068_502,E15,0.3,0.502,P051,"Tortillas de maíz, incluso tostadas, horneadas o fritas",0.00031577848343946485,0.010850115408033637
E15_r30_p068_502,E15,0.3,0.502,P052,"Azúcar de caña sin refinar y refinada, melaza y los demás azúcares n.c.p.",0.0015020076391785674,0.032440279940172366
E15_r30_p068_502,E15,0.3,0.502,P053,Productos alimenticios n.c.p.,0.03320949835706905,0.046718533439911475
E15_r30_p068_502,E15,0.3,0.502,P054,Preparados para alimentación animal,0.0027146153033596513,0.013049266331580114
E15_r30_p068_502,E15,0.3,0.502,P055,"Aguardientes, licores, vinos, demás bebidas espirituosas y productos del tabaco",0.004305217398016365,0.018602796800746176
E15_r30_p068_502,E15,0.3,0.502,P056,Malta y cerveza de malta,0.04987905270599138,0.06474564290231036
E15_r30_p068_502,E15,0.3,0.502,P057,Bebidas no alcohólicas,0.04421931898867862,0.06547707545689567
E15_r30_p068_502,E15,0.3,0.502,P058,Aguas minerales y otras aguas embotelladas,0.04594741910820938,0.059314271933379896
E15_r30_p068_502,E15,0.3,0.502,P059,"Hilados, tejidos, telas y otros productos textiles excepto prendas de vestir",0.017148667024483782,0.030130941643657524
E15_r30_p068_502,E15,0.3,0.502,P060,"Prendas de vestir, adobo y teñido de pieles",0.016409790289049875,0.03132764574050242
E15_r30_p068_502,E15,0.3,0.502,P061,Cuero de piel curtida o adobada y cuero artificial o regenerado y artículos de cuero,0.021669305477215576,0.03691706892683528
E15_r30_p068_502,E15,0.3,0.502,P062,"Calzado y sus partes, de cualquier material y de cualquier uso",0.0013509703744777805,0.01567330361356488
E15_r30_p068_502,E15,0.3,0.502,P063,"Madera aserrada y acepillada, productos de madera, corcho, paja y materiales trenzables",0.0226470389708094,0.050802158742589386
E15_r30_p068_502,E15,0.3,0.502,P064,Pasta de papel y papel,0.006560320251793449,0.019537812706757883
E15_r30_p068_502,E15,0.3,0.502,P065,Envases de papel y cartón,0.008963250674506922,0.019912557368009478
E15_r30_p068_502,E15,0.3,0.502,P066,Productos de la edición,0.009734660739950855,0.02028095417806985
E15_r30_p068_502,E15,0.3,0.502,P067,Productos de la impresión,0.01633820065872763,0.028043901687298603
E15_r30_p068_502,E15,0.3,0.502,P068,"Gasolinas, diésel oil y fuel oils",0.02870718590255496,0.034903702577604556
E15_r30_p068_502,E15,0.3,0.502,P069,"Aceites, grasas lubricantes y otros aceites preparados",0.0,0.0
E15_r30_p068_502,E15,0.3,0.502,P070,"Gases de petróleo, otros productos de la refinación de petróleo n.c.p.",0.05942863943256811,0.0709541926769017
E15_r30_p068_502,E15,0.3,0.502,P071,"Abonos, fertilizantes y pesticidas",0.0020628178915285383,0.009386523625010034
E15_r30_p068_502,E15,0.3,0.502,P072,"Pinturas, barnices, tintas y productos relacionados",0.009603638577998782,0.019785433745646293
E15_r30_p068_502,E15,0.3,0.502,P073,"Jabón, preparados de limpieza, perfumes y preparados de toilet",0.013413246349851636,0.021101092126655056
E15_r30_p068_502,E15,0.3,0.502,P074,Otros productos químicos,0.03236479338711879,0.05297116837142899
E15_r30_p068_502,E15,0.3,0.502,P075,Productos farmacéuticos,0.006937559434930754,0.01840588317976074
E15_r30_p068_502,E15,0.3,0.502,P076,Productos de caucho y plástico,0.004428188774113185,0.015737284432101848
E15_r30_p068_502,E15,0.3,0.502,P077,Vidrio y productos de vidrio,0.09043041654627723,0.12389589979118598
E15_r30_p068_502,E15,0.3,0.502,P078,Productos de cerámica y arcilla,0.03341775764832853,0.059047858472674096
E15_r30_p068_502,E15,0.3,0.502,P079,"Cemento, cal y yeso",0.017607229542705195,0.044167056415065395
E15_r30_p068_502,E15,0.3,0.502,P080,"Artículos de hormigón, cemento y yeso",0.019009282248204234,0.04969318903005523
E15_r30_p068_502,E15,0.3,0.502,P081,Piedras talladas para construcción y otros productos minerales no metálicos n.c.p.,0.011688876424759312,0.029540542589516175
E15_r30_p068_502,E15,0.3,0.502,P082,"Métales básicos de hierro y acero, productos primarios de metales preciosos y otros metales no ferrosos",0.015046206351661396,0.03399331277718359
E15_r30_p068_502,E15,0.3,0.502,P083,Productos metálicos estructurales y sus partes de hierro o de acero,0.006516113728135364,0.01440260658763012
E15_r30_p068_502,E15,0.3,0.502,P084,Otros productos elaborados de metal,0.016535633915304753,0.024474379184144853
E15_r30_p068_502,E15,0.3,0.502,P085,"Maquinaria para usos generales y especiales, sus partes y piezas, excepto electrodomésticos",0.0014621054037017877,0.008689857508474117
E15_r30_p068_502,E15,0.3,0.502,P086,Electrodomésticos y sus partes,0.0,0.0
E15_r30_p068_502,E15,0.3,0.502,P087,"Maquinaria de oficina, contabilidad e informática, sus partes y piezas",0.0,0.0
E15_r30_p068_502,E15,0.3,0.502,P088,"Maquinaria y aparatos eléctricos, sus partes y piezas",0.0025844961448522473,0.012340228262186132
E15_r30_p068_502,E15,0.3,0.502,P089,"Equipo y aparatos de radio, televisión y comunicaciones",0.0,0.0
E15_r30_p068_502,E15,0.3,0.502,P090,"Aparatos médicos, instrumentos ópticos y de precisión, relojes",0.006050636838572409,0.02063375877278768
E15_r30_p068_502,E15,0.3,0.502,P091,Equipo de transporte,0.01736475937622714,0.028805220869727123
E15_r30_p068_502,E15,0.3,0.502,P092,Muebles,0.00907764459253996,0.03183949734043858
E15_r30_p068_502,E15,0.3,0.502,P093,Otros artículos n.c.p.,0.015091684618646043,0.026595195822283924
E15_r30_p068_502,E15,0.3,0.502,P094,Residuos y desechos,0.06521683694669701,0.0727742908583676
E15_r30_p068_502,E15,0.3,0.502,P095,"Generación y distribución de energía eléctrica, gas, vapor y aire acondicionado",0.10620334106650006,0.11446295101134867
E15_r30_p068_502,E15,0.3,0.502,P096,Agua natural y distribución de agua natural,0.046541639341353004,0.06401461834381246
E15_r30_p068_502,E15,0.3,0.502,P097,"Evacuación de aguas residuales, recogida, tratamiento y eliminación de desechos",0.08228274041487664,0.0901590030266668
E15_r30_p068_502,E15,0.3,0.502,P098,Edificaciones residenciales,0.00031761715051342775,0.01700368326348345
E15_r30_p068_502,E15,0.3,0.502,P099,Edificaciones no residenciales,0.000766746942112662,0.019772839441144822
E15_r30_p068_502,E15,0.3,0.502,P100,Obras de ingeniería civil,0.02378597643736612,0.04369799760770129
E15_r30_p068_502,E15,0.3,0.502,P101,Servicios generales y especializados de construcción,0.019341577818313846,0.03896342952579232
E15_r30_p068_502,E15,0.3,0.502,P102,Servicios de comercio,0.01366471183410029,0.022831736138068347
E15_r30_p068_502,E15,0.3,0.502,P103,Mantenimiento y reparación de vehículos automotores y motocicletas,0.035412157606837975,0.04230444184125463
E15_r30_p068_502,E15,0.3,0.502,P104,Servicio de transporte de pasajeros por vía terrestre,0.2033625042136261,0.2110534460524736
E15_r30_p068_502,E15,0.3,0.502,P105,Servicio de transporte de carga por vía terrestre,0.21887873692355655,0.2282783465841875
E15_r30_p068_502,E15,0.3,0.502,P106,Otros tipos de transporte,0.04688130448222631,0.0566901946672647
E15_r30_p068_502,E15,0.3,0.502,P107,Servicios de almacenamiento y depósito,0.0021076570988509628,0.015807962759570297
E15_r30_p068_502,E15,0.3,0.502,P108,Otros servicios de apoyo al transporte,0.0187439761044094,0.04001803983077561
E15_r30_p068_502,E15,0.3,0.502,P109,Servicios postales y de mensajería,0.06875428219372638,0.09073309248628392
E15_r30_p068_502,E15,0.3,0.502,P110,Servicio de alojamiento,0.022898016053020394,0.0366814650464423
E15_r30_p068_502,E15,0.3,0.502,P111,Servicio de suministro de comidas y bebidas,0.0036704661893432098,0.020244038379176515
E15_r30_p068_502,E15,0.3,0.502,P112,"Servicios de información, telecomunicaciones y radiodifusión",0.010714237172472461,0.015576671259139646
E15_r30_p068_502,E15,0.3,0.502,P113,Servicios de banco central,0.0028180021757635253,0.013910876243393275
E15_r30_p068_502,E15,0.3,0.502,P114,Otros servicios financieros y servicios de banca de inversión,0.0009015300559462545,0.013653543278829451
E15_r30_p068_502,E15,0.3,0.502,P115,Servicios de Intermediación Financiera Medidos Indirectamente (SIFMI),0.0005231891814065588,0.008016032960234811
E15_r30_p068_502,E15,0.3,0.502,P116,"Servicios de seguro, reaseguro y fondos de pensiones",0.0005857530535235761,0.006898933001060021
E15_r30_p068_502,E15,0.3,0.502,P117,Servicios auxiliares de la intermediación financiera,0.007122631045246548,0.01519318214796926
E15_r30_p068_502,E15,0.3,0.502,P118,Servicios de alquiler de vivienda,8.12052257276473e-10,0.0018197454303894606
E15_r30_p068_502,E15,0.3,0.502,P119,"Otros servicios inmobiliarios, excepto alquiler de vivienda",0.004325273781504541,0.01374293872281656
E15_r30_p068_502,E15,0.3,0.502,P120,"Servicios jurídicos, de contabilidad, auditoría, teneduría de libros y consultoría fiscal",0.0033096253805755733,0.007415954737020735
E15_r30_p068_502,E15,0.3,0.502,P121,Servicios de tecnología de la información,0.018940464351372692,0.026276383040269382
E15_r30_p068_502,E15,0.3,0.502,P122,"Servicios de arquitectura e ingeniería, ensayos y análisis técnicos",0.018516770154894356,0.02762407248623504
E15_r30_p068_502,E15,0.3,0.502,P123,"Otros servicios profesionales, científicos y técnicos",0.004468504174973066,0.010020384332281286
E15_r30_p068_502,E15,0.3,0.502,P124,Servicios de publicidad y estudios de mercado,0.006913173335164872,0.01673952882951623
E15_r30_p068_502,E15,0.3,0.502,P125,Servicios de arrendamiento o alquiler sin operador,0.022882207991435886,0.030191818743791142
E15_r30_p068_502,E15,0.3,0.502,P126,Servicios  de agencias de empleo y de dotación de recursos humanos,0.004417299757641688,0.00664598273038357
E15_r30_p068_502,E15,0.3,0.502,P127,"Servicios de agencias de viajes, operadores turísticos y actividades conexas",0.015766807136757252,0.024301583700745533
E15_r30_p068_502,E15,0.3,0.502,P128,"Servicios de seguridad, sistemas de seguridad e investigación privada",0.010660835974643536,0.014352718646220983
E15_r30_p068_502,E15,0.3,0.502,P129,Servicios de limpieza,0.007281470714376451,0.014450835790854953
E15_r30_p068_502,E15,0.3,0.502,P130,Servicios telefónicos de centros de llamadas,0.0020877617735290165,0.007681578714517381
E15_r30_p068_502,E15,0.3,0.502,P131,"Servicios administrativos, de apoyo de oficina y otros servicios de apoyo a las empresas",0.026651836228046413,0.03401903554980883
E15_r30_p068_502,E15,0.3,0.502,P132,"Servicios de mantenimiento, reparación e instalación de productos metálicos elaborados, maquinaria y equipo",0.01521295522634074,0.0293577801165221
E15_r30_p068_502,E15,0.3,0.502,P133,Servicios de reparación de otros bienes,0.007639191554085936,0.012967936176549774
E15_r30_p068_502,E15,0.3,0.502,P134,"Servicios de apoyo a la agricultura, caza, silvicultura y pesca",0.02483355442902088,0.028278164155180974
E15_r30_p068_502,E15,0.3,0.502,P135,"Servicios de apoyo a la explotación de minas y canteras y los relacionados con la distribución de electricidad, gas y agua",0.004501170711849959,0.014239137053744768
E15_r30_p068_502,E15,0.3,0.502,P136,Servicios de manufactura,0.023238461138680933,0.03744937067987902
E15_r30_p068_502,E15,0.3,0.502,P137,Servicios públicos del gobierno general,0.03479303259715812,0.0541241146417143
E15_r30_p068_502,E15,0.3,0.502,P138,"Servicios públicos administrativos relacionados con la provisión de servicios educativos, de salud, servicios sociales, culturales y otros, sin contar los servicios de seguridad social",0.0016324954119566397,0.0118278306146135
E15_r30_p068_502,E15,0.3,0.502,P139,Otros servicios administrativos,0.0030062478354844894,0.018682961331391034
E15_r30_p068_502,E15,0.3,0.502,P140,Servicios públicos administrativos prestados a la comunidad en su conjunto,0.0047777371531353904,0.009699569416642035
E15_r30_p068_502,E15,0.3,0.502,P141,Servicios administrativos relacionados con los sistemas de seguridad social de afiliación obligatoria,0.005590241083136023,0.009872616315546756
E15_r30_p068_502,E15,0.3,0.502,P142,Servicios de enseñanza,0.0035253438193289513,0.007026410982491636
E15_r30_p068_502,E15,0.3,0.502,P143,Servicios de hospitalización,0.00869901708215455,0.015462417106910221
E15_r30_p068_502,E15,0.3,0.502,P144,Servicios médicos y dentales,0.009076310725200414,0.016168336798180305
E15_r30_p068_502,E15,0.3,0.502,P145,Otros servicios de atención de la salud humana,0.00810425065321843,0.018340617995637246
E15_r30_p068_502,E15,0.3,0.502,P146,"Servicios audiovisuales, recreativos, culturales y deportivos",0.016329371479583257,0.029844818692795407
E15_r30_p068_502,E15,0.3,0.502,P147,Servicios de asociaciones que sirven a las empresas,0.012972493367862449,0.02265606938609633
E15_r30_p068_502,E15,0.3,0.502,P148,Servicios de asociaciones que sirven a los hogares,0.011063436586715537,0.024307108229105916
E15_r30_p068_502,E15,0.3,0.502,P149,Otros servicios,0.005312202322394553,0.009211998708596758
E15_r30_p068_502,E15,0.3,0.502,P150,Servicios domésticos,0.0,0.0
E15_r30_p068_502,E15,0.3,0.502,P151,Compras directas en el exterior por residentes,0.0,0.0
E15_r30_p068_502,E15,0.3,0.502,P152,Compras directas en el territorio nacional por no residentes,0.0,0.0
E20_r00_p068_450,E20,0.0,0.45,P001,Maíz,-0.0030934892467313997,-0.004801028981033988
E20_r00_p068_450,E20,0.0,0.45,P002,Frijoles,-0.00027325522731619936,-0.00237722071004207
E20_r00_p068_450,E20,0.0,0.45,P003,Leguminosas (legumbres secas) y semillas oleaginosas,-0.007561033983654095,-0.011496744508340201
E20_r00_p068_450,E20,0.0,0.45,P004,Arroz,-0.003754842466498967,-0.008330689815726714
E20_r00_p068_450,E20,0.0,0.45,P005,Otros cereales,-0.002526548301445099,-0.004488244716599264
E20_r00_p068_450,E20,0.0,0.45,P006,Hortalizas,-0.004899957473185097,-0.007952711875085942
E20_r00_p068_450,E20,0.0,0.45,P007,Sandías y melones,-0.0036993486632203587,-0.006859831621702195
E20_r00_p068_450,E20,0.0,0.45,P008,Ejotes y arvejas,-0.003579731252908588,-0.006305338870265039
E20_r00_p068_450,E20,0.0,0.45,P009,Raíces y tubérculos,-0.004637222593833507,-0.009048939243090892
E20_r00_p068_450,E20,0.0,0.45,P010,Caña de azúcar y otras plantas azucareras,-0.00789529594567285,-0.01458042638649499
E20_r00_p068_450,E20,0.0,0.45,P011,Tabaco y otras plantas no perennes,-0.0007374501769687679,-0.00491946508464807
E20_r00_p068_450,E20,0.0,0.45,P012,"Bananos, plátanos y otros",-0.007585310763397636,-0.014032116124828688
E20_r00_p068_450,E20,0.0,0.45,P013,Frutas tropicales y subtropicales,-0.004626208444667118,-0.007377813409989775
E20_r00_p068_450,E20,0.0,0.45,P014,"Berries, otras frutas y semillas de frutas",-0.005528395962682438,-0.008029098305964315
E20_r00_p068_450,E20,0.0,0.45,P015,Palma africana,-0.006225021403347083,-0.012957463941593611
E20_r00_p068_450,E20,0.0,0.45,P016,Café en grano,-0.000286702297610913,-0.005429319621508627
E20_r00_p068_450,E20,0.0,0.45,P017,Cardamomo,-0.0031161318923947348,-0.008849548244297902
E20_r00_p068_450,E20,0.0,0.45,P018,Caucho natural,-0.011895212173767211,-0.02454054348196546
E20_r00_p068_450,E20,0.0,0.45,P019,Propagación de plantas,-0.030294571364735047,-0.0387935785995521
E20_r00_p068_450,E20,0.0,0.45,P020,"Otros frutos oleaginosos, otras plantas bebestibles y especias aromáticas",-0.021904374174291436,-0.026593189597507443
E20_r00_p068_450,E20,0.0,0.45,P021,Ganado bovino,-0.0022909388203366868,-0.004541234267768366
E20_r00_p068_450,E20,0.0,0.45,P022,Ganado porcino y otro tipo de animales vivos n.c.p.,-0.0055154758121393425,-0.009639257184472842
E20_r00_p068_450,E20,0.0,0.45,P023,Aves de corral,-0.002347870233715174,-0.006826053458610105
E20_r00_p068_450,E20,0.0,0.45,P024,Leche cruda,-0.004308978090036513,-0.009589674447769043
E20_r00_p068_450,E20,0.0,0.45,P025,Huevos,-0.0023717090880884142,-0.0050256302481831334
E20_r00_p068_450,E20,0.0,0.45,P026,Otros productos de animales vivos,-0.0,-0.0047930456313553214
E20_r00_p068_450,E20,0.0,0.45,P027,Troncos de madera y leña,-0.01320991832372613,-0.018254200107030893
E20_r00_p068_450,E20,0.0,0.45,P028,Productos forestales no madereros,-0.01048812927302216,-0.018056196132446193
E20_r00_p068_450,E20,0.0,0.45,P029,"Peces vivos, frescos o refrigerados",-0.09103001640962109,-0.09340295684521369
E20_r00_p068_450,E20,0.0,0.45,P030,Crustáceos sin congelar y otros productos de la pesca,-0.009171160056498406,-0.013939081206068966
E20_r00_p068_450,E20,0.0,0.45,P031,Petróleo crudo y gas natural,-0.02277700751346412,-0.027125206684274334
E20_r00_p068_450,E20,0.0,0.45,P032,Minerales metálicos,-0.008134948698351695,-0.01265405840599565
E20_r00_p068_450,E20,0.0,0.45,P033,Minerales no metálicos,-0.02671969105209326,-0.03194553600961691
E20_r00_p068_450,E20,0.0,0.45,P034,Carne y despojos comestibles de ganado bovino; cueros y pieles de bovino y de otros animales,-0.004835361451317578,-0.01177279031444903
E20_r00_p068_450,E20,0.0,0.45,P035,Carne y despojos comestibles de ganado porcino,-0.002113098888236579,-0.010601983965033373
E20_r00_p068_450,E20,0.0,0.45,P036,Carne y despojos comestibles de aves,-0.0044332574980225385,-0.011931746898937319
E20_r00_p068_450,E20,0.0,0.45,P037,Carne y despojos de otros animales y conservas y preparados de carne,-0.006585557356562796,-0.012753161736506119
E20_r00_p068_450,E20,0.0,0.45,P038,"Pescado congelado, preparado o en conserva y sus productos",-0.0015802301272902538,-0.00655831877997388
E20_r00_p068_450,E20,0.0,0.45,P039,"Crustáceos, moluscos y demás invertebrados acuáticos congelados, preparados o en conserva y sus productos",-0.003262462931628813,-0.009034540891075532
E20_r00_p068_450,E20,0.0,0.45,P040,"Vegetales preparados o en conserva, legumbres y papas",-0.014438987740656323,-0.021534772674716013
E20_r00_p068_450,E20,0.0,0.45,P041,Preparaciones y conservas de frutas y nueces,-0.004722547940771925,-0.00957555702243205
E20_r00_p068_450,E20,0.0,0.45,P042,Jugos de frutas,-0.011220062154535566,-0.017833661827791464
E20_r00_p068_450,E20,0.0,0.45,P043,Aceites de origen vegetal,-0.005960953348549869,-0.013914653960053617
E20_r00_p068_450,E20,0.0,0.45,P044,"Margarina, grasas y otros aceites de origen animal y vegetal",-0.007498366689908388,-0.01562804194070385
E20_r00_p068_450,E20,0.0,0.45,P045,Leche líquida y crema procesada,-0.00516218098996113,-0.01308610709274505
E20_r00_p068_450,E20,0.0,0.45,P046,Otros productos lácteos n.c.p.,-0.005345145277747898,-0.012834686307429968
E20_r00_p068_450,E20,0.0,0.45,P047,Harina de trigo,-0.007486751465079606,-0.014429357522517268
E20_r00_p068_450,E20,0.0,0.45,P048,Arroz sin cáscara,-0.008471922195185123,-0.011923475736241284
E20_r00_p068_450,E20,0.0,0.45,P049,"Otros productos de molinería, almidones y productos de almidón",-0.012523182336784705,-0.01783353764381222
E20_r00_p068_450,E20,0.0,0.45,P050,Pan y otros productos de panadería y repostería n.c.p.,-0.0013419366404638635,-0.008451913465670109
E20_r00_p068_450,E20,0.0,0.45,P051,"Tortillas de maíz, incluso tostadas, horneadas o fritas",-0.00012744511061805447,-0.0043790005681643845
E20_r00_p068_450,E20,0.0,0.45,P052,"Azúcar de caña sin refinar y refinada, melaza y los demás azúcares n.c.p.",-0.0006061956078808377,-0.013092580027696801
E20_r00_p068_450,E20,0.0,0.45,P053,Productos alimenticios n.c.p.,-0.013403029065145658,-0.018855143635219188
E20_r00_p068_450,E20,0.0,0.45,P054,Preparados para alimentación animal,-0.0010955922134208878,-0.005266556394211999
E20_r00_p068_450,E20,0.0,0.45,P055,"Aguardientes, licores, vinos, demás bebidas espirituosas y productos del tabaco",-0.0017375436779249428,-0.0075079070310716065
E20_r00_p068_450,E20,0.0,0.45,P056,Malta y cerveza de malta,-0.020130698331311283,-0.026130708881258614
E20_r00_p068_450,E20,0.0,0.45,P057,Bebidas no alcohólicas,-0.017846485101153272,-0.026425907913863508
E20_r00_p068_450,E20,0.0,0.45,P058,Aguas minerales y otras aguas embotelladas,-0.01854392942507882,-0.02393866062514072
E20_r00_p068_450,E20,0.0,0.45,P059,"Hilados, tejidos, telas y otros productos textiles excepto prendas de vestir",-0.006921034460875435,-0.012160553654499452
E20_r00_p068_450,E20,0.0,0.45,P060,"Prendas de vestir, adobo y teñido de pieles",-0.00662283102961305,-0.012643531735647638
E20_r00_p068_450,E20,0.0,0.45,P061,Cuero de piel curtida o adobada y cuero artificial o regenerado y artículos de cuero,-0.008745519971722725,-0.014899368322467736
E20_r00_p068_450,E20,0.0,0.45,P062,"Calzado y sus partes, de cualquier material y de cualquier uso",-0.0005452384435497529,-0.0063255922031940776
E20_r00_p068_450,E20,0.0,0.45,P063,"Madera aserrada y acepillada, productos de madera, corcho, paja y materiales trenzables",-0.009140123656840268,-0.020503254908520188
E20_r00_p068_450,E20,0.0,0.45,P064,Pasta de papel y papel,-0.0026476811563380534,-0.007885270315211093
E20_r00_p068_450,E20,0.0,0.45,P065,Envases de papel y cartón,-0.0036174803972319133,-0.008036513599067988
E20_r00_p068_450,E20,0.0,0.45,P066,Productos de la edición,-0.003928813962621049,-0.00818519495220547
E20_r00_p068_450,E20,0.0,0.45,P067,Productos de la impresión,-0.006593938154277948,-0.011318244719434059
E20_r00_p068_450,E20,0.0,0.45,P068,"Gasolinas, diésel oil y fuel oils",-0.011585939748125773,-0.014086793335414929
E20_r00_p068_450,E20,0.0,0.45,P069,"Aceites, grasas lubricantes y otros aceites preparados",-0.0,0.0
E20_r00_p068_450,E20,0.0,0.45,P070,"Gases de petróleo, otros productos de la refinación de petróleo n.c.p.",-0.023984818230391062,-0.02863641890995403
E20_r00_p068_450,E20,0.0,0.45,P071,"Abonos, fertilizantes y pesticidas",-0.0008325331463603474,-0.0037883092244874604
E20_r00_p068_450,E20,0.0,0.45,P072,"Pinturas, barnices, tintas y productos relacionados",-0.0038759346982027696,-0.007985207747137298
E20_r00_p068_450,E20,0.0,0.45,P073,"Jabón, preparados de limpieza, perfumes y preparados de toilet",-0.005413455173337553,-0.008516194615137047
E20_r00_p068_450,E20,0.0,0.45,P074,Otros productos químicos,-0.013062114392422023,-0.021378646002518154
E20_r00_p068_450,E20,0.0,0.45,P075,Productos farmacéuticos,-0.002799931204855419,-0.007428434617576718
E20_r00_p068_450,E20,0.0,0.45,P076,Productos de caucho y plástico,-0.0017871737238318484,-0.006351414236434166
E20_r00_p068_450,E20,0.0,0.45,P077,Vidrio y productos de vidrio,-0.03649683257214829,-0.050003174636938326
E20_r00_p068_450,E20,0.0,0.45,P078,Productos de cerámica y arcilla,-0.01348708048031084,-0.02383113875537944
E20_r00_p068_450,E20,0.0,0.45,P079,"Cemento, cal y yeso",-0.007106105812867108,-0.017825392437071874
E20_r00_p068_450,E20,0.0,0.45,P080,"Artículos de hormigón, cemento y yeso",-0.007671960586119643,-0.02005568556767534
E20_r00_p068_450,E20,0.0,0.45,P081,Piedras talladas para construcción y otros productos minerales no metálicos n.c.p.,-0.004717516319441681,-0.011922274364712866
E20_r00_p068_450,E20,0.0,0.45,P082,"Métales básicos de hierro y acero, productos primarios de metales preciosos y otros metales no ferrosos",-0.006072501875312732,-0.013719368906883711
E20_r00_p068_450,E20,0.0,0.45,P083,Productos metálicos estructurales y sus partes de hierro o de acero,-0.002629839835307312,-0.00581275129880949
E20_r00_p068_450,E20,0.0,0.45,P084,Otros productos elaborados de metal,-0.006673620287620568,-0.009877620313004942
E20_r00_p068_450,E20,0.0,0.45,P085,"Maquinaria para usos generales y especiales, sus partes y piezas, excepto electrodomésticos",-0.0005900914555052351,-0.0035071415865955287
E20_r00_p068_450,E20,0.0,0.45,P086,Electrodomésticos y sus partes,-0.0,0.0
E20_r00_p068_450,E20,0.0,0.45,P087,"Maquinaria de oficina, contabilidad e informática, sus partes y piezas",-0.0,0.0
E20_r00_p068_450,E20,0.0,0.45,P088,"Maquinaria y aparatos eléctricos, sus partes y piezas",-0.001043077392370126,-0.004980395557026112
E20_r00_p068_450,E20,0.0,0.45,P089,"Equipo y aparatos de radio, televisión y comunicaciones",-0.0,0.0
E20_r00_p068_450,E20,0.0,0.45,P090,"Aparatos médicos, instrumentos ópticos y de precisión, relojes",-0.002441977910598718,-0.00832758343957368
E20_r00_p068_450,E20,0.0,0.45,P091,Equipo de transporte,-0.007008247222719379,-0.01162550570303064
E20_r00_p068_450,E20,0.0,0.45,P092,Muebles,-0.003663648664869907,-0.012850110040361034
E20_r00_p068_450,E20,0.0,0.45,P093,Otros artículos n.c.p.,-0.006090856459524571,-0.010733561186823401
E20_r00_p068_450,E20,0.0,0.45,P094,Residuos y desechos,-0.026320878193794865,-0.029370992752814042
E20_r00_p068_450,E20,0.0,0.45,P095,"Generación y distribución de energía eléctrica, gas, vapor y aire acondicionado",-0.04286263079992836,-0.04619612867355725
E20_r00_p068_450,E20,0.0,0.45,P096,Agua natural y distribución de agua natural,-0.018783750905376075,-0.025835674511888295
E20_r00_p068_450,E20,0.0,0.45,P097,"Evacuación de aguas residuales, recogida, tratamiento y eliminación de desechos",-0.033208510091983195,-0.03638729272746593
E20_r00_p068_450,E20,0.0,0.45,P098,Edificaciones residenciales,-0.0001281871786844999,-0.006862520431492395
E20_r00_p068_450,E20,0.0,0.45,P099,Edificaciones no residenciales,-0.0003094515743734514,-0.007980124808892533
E20_r00_p068_450,E20,0.0,0.45,P100,Obras de ingeniería civil,-0.00959978769041016,-0.01763608488533569
E20_r00_p068_450,E20,0.0,0.45,P101,Servicios generales y especializados de construcción,-0.007806071831538386,-0.01572525946634139
E20_r00_p068_450,E20,0.0,0.45,P102,Servicios de comercio,-0.005514944185849186,-0.009214665628971405
E20_r00_p068_450,E20,0.0,0.45,P103,Mantenimiento y reparación de vehículos automotores y motocicletas,-0.014292000817378726,-0.017073659393665768
E20_r00_p068_450,E20,0.0,0.45,P104,Servicio de transporte de pasajeros por vía terrestre,-0.08207511975729209,-0.08517910873948263
E20_r00_p068_450,E20,0.0,0.45,P105,Servicio de transporte de carga por vía terrestre,-0.08833731967843285,-0.09213091029904044
E20_r00_p068_450,E20,0.0,0.45,P106,Otros tipos de transporte,-0.01892083643755102,-0.02287960867895426
E20_r00_p068_450,E20,0.0,0.45,P107,Servicios de almacenamiento y depósito,-0.0008506298123364121,-0.006379939318841315
E20_r00_p068_450,E20,0.0,0.45,P108,Otros servicios de apoyo al transporte,-0.007564885618644653,-0.01615088988141463
E20_r00_p068_450,E20,0.0,0.45,P109,Servicios postales y de mensajería,-0.027748556533061436,-0.036618989624254625
E20_r00_p068_450,E20,0.0,0.45,P110,Servicio de alojamiento,-0.009241415555061408,-0.01480428089829723
E20_r00_p068_450,E20,0.0,0.45,P111,Servicio de suministro de comidas y bebidas,-0.0014813642919098667,-0.008170296096456114
E20_r00_p068_450,E20,0.0,0.45,P112,"Servicios de información, telecomunicaciones y radiodifusión",-0.004324161439883501,-0.0062865923290897135
E20_r00_p068_450,E20,0.0,0.45,P113,Servicios de banco central,-0.001137318144986748,-0.005614293736302604
E20_r00_p068_450,E20,0.0,0.45,P114,Otros servicios financieros y servicios de banca de inversión,-0.0003638487222249166,-0.005510436666063693
E20_r00_p068_450,E20,0.0,0.45,P115,Servicios de Intermediación Financiera Medidos Indirectamente (SIFMI),-0.00021115404182156858,-0.0032351925824956945
E20_r00_p068_450,E20,0.0,0.45,P116,"Servicios de seguro, reaseguro y fondos de pensiones",-0.00023640420933076692,-0.002784341953542859
E20_r00_p068_450,E20,0.0,0.45,P117,Servicios auxiliares de la intermediación financiera,-0.002874624298545823,-0.006131819870682809
E20_r00_p068_450,E20,0.0,0.45,P118,Servicios de alquiler de vivienda,-3.2773635692021603e-10,-0.0007344314759721207
E20_r00_p068_450,E20,0.0,0.45,P119,"Otros servicios inmobiliarios, excepto alquiler de vivienda",-0.0017456382383408643,-0.005546515793823109
E20_r00_p068_450,E20,0.0,0.45,P120,"Servicios jurídicos, de contabilidad, auditoría, teneduría de libros y consultoría fiscal",-0.0013357324670685916,-0.0029930068746412074
E20_r00_p068_450,E20,0.0,0.45,P121,Servicios de tecnología de la información,-0.007644186355340303,-0.010604891462946908
E20_r00_p068_450,E20,0.0,0.45,P122,"Servicios de arquitectura e ingeniería, ensayos y análisis técnicos",-0.0074731875173249165,-0.01114880575580532
E20_r00_p068_450,E20,0.0,0.45,P123,"Otros servicios profesionales, científicos y técnicos",-0.0018034446257192587,-0.00404412921283733
E20_r00_p068_450,E20,0.0,0.45,P124,Servicios de publicidad y estudios de mercado,-0.002790089213253095,-0.006755910282851108
E20_r00_p068_450,E20,0.0,0.45,P125,Servicios de arrendamiento o alquiler sin operador,-0.009235035575857791,-0.012185123057316671
E20_r00_p068_450,E20,0.0,0.45,P126,Servicios  de agencias de empleo y de dotación de recursos humanos,-0.0017827790231745506,-0.002682253695736001
E20_r00_p068_450,E20,0.0,0.45,P127,"Servicios de agencias de viajes, operadores turísticos y actividades conexas",-0.006363329311582955,-0.00980788174419473
E20_r00_p068_450,E20,0.0,0.45,P128,"Servicios de seguridad, sistemas de seguridad e investigación privada",-0.0043026092381935185,-0.005792617013084439
E20_r00_p068_450,E20,0.0,0.45,P129,Servicios de limpieza,-0.0029387304370714915,-0.005832216134009982
E20_r00_p068_450,E20,0.0,0.45,P130,Servicios telefónicos de centros de llamadas,-0.0008426002534227703,-0.00310021011669287
E20_r00_p068_450,E20,0.0,0.45,P131,"Servicios administrativos, de apoyo de oficina y otros servicios de apoyo a las empresas",-0.010756420701186849,-0.01372975036659218
E20_r00_p068_450,E20,0.0,0.45,P132,"Servicios de mantenimiento, reparación e instalación de productos metálicos elaborados, maquinaria y equipo",-0.0061398000919216525,-0.011848513216284199
E20_r00_p068_450,E20,0.0,0.45,P133,Servicios de reparación de otros bienes,-0.0030831030728844006,-0.005233732338274029
E20_r00_p068_450,E20,0.0,0.45,P134,"Servicios de apoyo a la agricultura, caza, silvicultura y pesca",-0.010022579932532869,-0.011412790762621472
E20_r00_p068_450,E20,0.0,0.45,P135,"Servicios de apoyo a la explotación de minas y canteras y los relacionados con la distribución de electricidad, gas y agua",-0.0018166285208359838,-0.00574677659210439
E20_r00_p068_450,E20,0.0,0.45,P136,Servicios de manufactura,-0.009378815865332067,-0.015114200109168138
E20_r00_p068_450,E20,0.0,0.45,P137,Servicios públicos del gobierno general,-0.014042128012602337,-0.021843963852400575
E20_r00_p068_450,E20,0.0,0.45,P138,"Servicios públicos administrativos relacionados con la provisión de servicios educativos, de salud, servicios sociales, culturales y otros, sin contar los servicios de seguridad social",-0.000658859198049713,-0.004773596872821768
E20_r00_p068_450,E20,0.0,0.45,P139,Otros servicios administrativos,-0.0012132922540051862,-0.007540260652396273
E20_r00_p068_450,E20,0.0,0.45,P140,Servicios públicos administrativos prestados a la comunidad en su conjunto,-0.0019282480343599958,-0.003914651447391653
E20_r00_p068_450,E20,0.0,0.45,P141,Servicios administrativos relacionados con los sistemas de seguridad social de afiliación obligatoria,-0.0022561666819786367,-0.003984491485043401
E20_r00_p068_450,E20,0.0,0.45,P142,Servicios de enseñanza,-0.0014227943212830772,-0.002835790821331323
E20_r00_p068_450,E20,0.0,0.45,P143,Servicios de hospitalización,-0.0035108383010397904,-0.0062404804695644816
E20_r00_p068_450,E20,0.0,0.45,P144,Servicios médicos y dentales,-0.0036631103290441515,-0.006525382759807526
E20_r00_p068_450,E20,0.0,0.45,P145,Otros servicios de atención de la salud humana,-0.003270796381457261,-0.0074020942269347415
E20_r00_p068_450,E20,0.0,0.45,P146,"Servicios audiovisuales, recreativos, culturales y deportivos",-0.006590374783840337,-0.012045077227081695
E20_r00_p068_450,E20,0.0,0.45,P147,Servicios de asociaciones que sirven a las empresas,-0.00523557157616201,-0.009143768244218843
E20_r00_p068_450,E20,0.0,0.45,P148,Servicios de asociaciones que sirven a los hogares,-0.004465094911636335,-0.00981011138986385
E20_r00_p068_450,E20,0.0,0.45,P149,Otros servicios,-0.002143952954707392,-0.003717872673410161
E20_r00_p068_450,E20,0.0,0.45,P150,Servicios domésticos,-0.0,0.0
E20_r00_p068_450,E20,0.0,0.45,P151,Compras directas en el exterior por residentes,-0.0,0.0
E20_r00_p068_450,E20,0.0,0.45,P152,Compras directas en el territorio nacional por no residentes,-0.0,0.0
E20_r00_p068_502,E20,0.0,0.502,P001,Maíz,-0.0034509591152425837,-0.0053558145521756945
E20_r00_p068_502,E20,0.0,0.502,P002,Frijoles,-0.0003048313869171824,-0.002651921769869153
E20_r00_p068_502,E20,0.0,0.502,P003,Leguminosas (legumbres secas) y semillas oleaginosas,-0.008434753466209678,-0.01282525720708173
E20_r00_p068_502,E20,0.0,0.502,P004,Arroz,-0.004188735373738848,-0.009293347305544023
E20_r00_p068_502,E20,0.0,0.502,P005,Otros cereales,-0.0028185049940565327,-0.005006886328295179
E20_r00_p068_502,E20,0.0,0.502,P006,Hortalizas,-0.005466174781197597,-0.00887169191398476
E20_r00_p068_502,E20,0.0,0.502,P007,Sandías y melones,-0.004126828953192489,-0.007652523275765563
E20_r00_p068_502,E20,0.0,0.502,P008,Ejotes y arvejas,-0.003993389086578024,-0.007033955806384561
E20_r00_p068_502,E20,0.0,0.502,P009,Raíces y tubérculos,-0.005173079426898713,-0.01009459444451473
E20_r00_p068_502,E20,0.0,0.502,P010,Caña de azúcar y otras plantas azucareras,-0.0088076412549506,-0.016265275657823295
E20_r00_p068_502,E20,0.0,0.502,P011,Tabaco y otras plantas no perennes,-0.0008226666418629367,-0.005487936605540737
E20_r00_p068_502,E20,0.0,0.502,P012,"Bananos, plátanos y otros",-0.008461835562723587,-0.015653605099253332
E20_r00_p068_502,E20,0.0,0.502,P013,Frutas tropicales y subtropicales,-0.005160792531606428,-0.008230360737366368
E20_r00_p068_502,E20,0.0,0.502,P014,"Berries, otras frutas y semillas de frutas",-0.006167232829481298,-0.00895690522132019
E20_r00_p068_502,E20,0.0,0.502,P015,Palma africana,-0.006944357209956079,-0.014454770885955539
E20_r00_p068_502,E20,0.0,0.502,P016,Café en grano,-0.0003198323408903963,-0.006056707666660736
E20_r00_p068_502,E20,0.0,0.502,P017,Cardamomo,-0.0034762182444047925,-0.009872162708083436
E20_r00_p068_502,E20,0.0,0.502,P018,Caucho natural,-0.013269770024958084,-0.02737633961765924
E20_r00_p068_502,E20,0.0,0.502,P019,Propagación de plantas,-0.03379527738910443,-0.043276392126611454
E20_r00_p068_502,E20,0.0,0.502,P020,"Otros frutos oleaginosos, otras plantas bebestibles y especias aromáticas",-0.024435546301098444,-0.02966618039544164
E20_r00_p068_502,E20,0.0,0.502,P021,Ganado bovino,-0.0025556695284644822,-0.005065999116488266
E20_r00_p068_502,E20,0.0,0.502,P022,Ganado porcino y otro tipo de animales vivos n.c.p.,-0.006152819683764334,-0.010753126903567476
E20_r00_p068_502,E20,0.0,0.502,P023,Aves de corral,-0.0026191796829444836,-0.007614841858271718
E20_r00_p068_502,E20,0.0,0.502,P024,Leche cruda,-0.004806904447107398,-0.010697814606177908
E20_r00_p068_502,E20,0.0,0.502,P025,Huevos,-0.002645773249378631,-0.005606369743528741
E20_r00_p068_502,E20,0.0,0.502,P026,Otros productos de animales vivos,-0.0,-0.005346908682089714
E20_r00_p068_502,E20,0.0,0.502,P027,Troncos de madera y leña,-0.014736397774467815,-0.020363574341621123
E20_r00_p068_502,E20,0.0,0.502,P028,Productos forestales no madereros,-0.011700090877904721,-0.020142689907751088
E20_r00_p068_502,E20,0.0,0.502,P029,"Peces vivos, frescos o refrigerados",-0.10154904052806618,-0.10419618741399393
E20_r00_p068_502,E20,0.0,0.502,P030,Crustáceos sin congelar y otros productos de la pesca,-0.010230938551916,-0.015549819478770266
E20_r00_p068_502,E20,0.0,0.502,P031,Petróleo crudo y gas natural,-0.02540901727057553,-0.030259675012234907
E20_r00_p068_502,E20,0.0,0.502,P032,Minerales metálicos,-0.00907498721460567,-0.014116305155132921
E20_r00_p068_502,E20,0.0,0.502,P033,Minerales no metálicos,-0.0298072997958907,-0.03563702017072819
E20_r00_p068_502,E20,0.0,0.502,P034,Carne y despojos comestibles de ganado bovino; cueros y pieles de bovino y de otros animales,-0.005394114330136497,-0.013133201639674248
E20_r00_p068_502,E20,0.0,0.502,P035,Carne y despojos comestibles de ganado porcino,-0.002357279204210583,-0.011827102112103896
E20_r00_p068_502,E20,0.0,0.502,P036,Carne y despojos comestibles de aves,-0.0049455450311273646,-0.0133105265405923
E20_r00_p068_502,E20,0.0,0.502,P037,Carne y despojos de otros animales y conservas y preparados de carne,-0.007346555095543387,-0.014226860426057936
E20_r00_p068_502,E20,0.0,0.502,P038,"Pescado congelado, preparado o en conserva y sus productos",-0.0017628344975549055,-0.007316168950104193
E20_r00_p068_502,E20,0.0,0.502,P039,"Crustáceos, moluscos y demás invertebrados acuáticos congelados, preparados o en conserva y sus productos",-0.0036394586481725867,-0.010078532282933145
E20_r00_p068_502,E20,0.0,0.502,P040,"Vegetales preparados o en conserva, legumbres y papas",-0.01610749299068772,-0.024023235294905406
E20_r00_p068_502,E20,0.0,0.502,P041,Preparaciones y conservas de frutas y nueces,-0.00526826459170557,-0.010682065833913085
E20_r00_p068_502,E20,0.0,0.502,P042,Jugos de frutas,-0.012516602670170787,-0.019894440527891816
E20_r00_p068_502,E20,0.0,0.502,P043,Aceites de origen vegetal,-0.006649774624382297,-0.015522569528770921
E20_r00_p068_502,E20,0.0,0.502,P044,"Margarina, grasas y otros aceites de origen animal y vegetal",-0.008364844618520021,-0.017433949009407406
E20_r00_p068_502,E20,0.0,0.502,P045,Leche líquida y crema procesada,-0.005758699682134417,-0.014598279467906691
E20_r00_p068_502,E20,0.0,0.502,P046,Otros productos lácteos n.c.p.,-0.005962806509843212,-0.014317805614066322
E20_r00_p068_502,E20,0.0,0.502,P047,Harina de trigo,-0.00835188718993325,-0.01609674994734148
E20_r00_p068_502,E20,0.0,0.502,P048,Arroz sin cáscara,-0.009450899871073181,-0.013301299599095836
E20_r00_p068_502,E20,0.0,0.502,P049,"Otros productos de molinería, almidones y productos de almidón",-0.013970305629035383,-0.01989430199376385
E20_r00_p068_502,E20,0.0,0.502,P050,Pan y otros productos de panadería y repostería n.c.p.,-0.0014970048744730208,-0.009428579021703102
E20_r00_p068_502,E20,0.0,0.502,P051,"Tortillas de maíz, incluso tostadas, horneadas o fritas",-0.000142172101178363,-0.004885018411596715
E20_r00_p068_502,E20,0.0,0.502,P052,"Azúcar de caña sin refinar y refinada, melaza y los demás azúcares n.c.p.",-0.0006762448781248455,-0.01460550038645287
E20_r00_p068_502,E20,0.0,0.502,P053,Productos alimenticios n.c.p.,-0.014951823534895825,-0.02103396023306675
E20_r00_p068_502,E20,0.0,0.502,P054,Preparados para alimentación animal,-0.001222193980305079,-0.005875136244209831
E20_r00_p068_502,E20,0.0,0.502,P055,"Aguardientes, licores, vinos, demás bebidas espirituosas y productos del tabaco",-0.0019383265029296027,-0.008375487399106549
E20_r00_p068_502,E20,0.0,0.502,P056,Malta y cerveza de malta,-0.022456912360707255,-0.029150257463092938
E20_r00_p068_502,E20,0.0,0.502,P057,Bebidas no alcohólicas,-0.019908745601730983,-0.029479568383909964
E20_r00_p068_502,E20,0.0,0.502,P058,Aguas minerales y otras aguas embotelladas,-0.020686783491976814,-0.026704905852934765
E20_r00_p068_502,E20,0.0,0.502,P059,"Hilados, tejidos, telas y otros productos textiles excepto prendas de vestir",-0.007720798443021043,-0.013565773187908275
E20_r00_p068_502,E20,0.0,0.502,P060,"Prendas de vestir, adobo y teñido de pieles",-0.0073881359485905565,-0.0141045620695447
E20_r00_p068_502,E20,0.0,0.502,P061,Cuero de piel curtida o adobada y cuero artificial o regenerado y artículos de cuero,-0.009756113390677352,-0.016621073106397346
E20_r00_p068_502,E20,0.0,0.502,P062,"Calzado y sus partes, de cualquier material y de cualquier uso",-0.0006082437748043912,-0.007056549524452059
E20_r00_p068_502,E20,0.0,0.502,P063,"Madera aserrada y acepillada, productos de madera, corcho, paja y materiales trenzables",-0.01019631572385292,-0.02287251992017141
E20_r00_p068_502,E20,0.0,0.502,P064,Pasta de papel y papel,-0.0029536354232926735,-0.008796457107191041
E20_r00_p068_502,E20,0.0,0.502,P065,Envases de papel y cartón,-0.004035500354245379,-0.008965177392738066
E20_r00_p068_502,E20,0.0,0.502,P066,Productos de la edición,-0.004382810242746148,-0.009131039702238103
E20_r00_p068_502,E20,0.0,0.502,P067,Productos de la impresión,-0.0073559043409945095,-0.012626130775901986
E20_r00_p068_502,E20,0.0,0.502,P068,"Gasolinas, diésel oil y fuel oils",-0.012924759452353638,-0.01571460056528509
E20_r00_p068_502,E20,0.0,0.502,P069,"Aceites, grasas lubricantes y otros aceites preparados",-0.0,0.0
E20_r00_p068_502,E20,0.0,0.502,P070,"Gases de petróleo, otros productos de la refinación de petróleo n.c.p.",-0.026756397225902923,-0.03194551620621537
E20_r00_p068_502,E20,0.0,0.502,P071,"Abonos, fertilizantes y pesticidas",-0.0009287369766064319,-0.004226069401539346
E20_r00_p068_502,E20,0.0,0.502,P072,"Pinturas, barnices, tintas y productos relacionados",-0.004323820485550645,-0.008907942864584273
E20_r00_p068_502,E20,0.0,0.502,P073,"Jabón, preparados de limpieza, perfumes y preparados de toilet",-0.006039009993367671,-0.009500288215108437
E20_r00_p068_502,E20,0.0,0.502,P074,Otros productos químicos,-0.014571514277768568,-0.023849067318364683
E20_r00_p068_502,E20,0.0,0.502,P075,Productos farmacéuticos,-0.0031234788107498226,-0.008286831506718915
E20_r00_p068_502,E20,0.0,0.502,P076,Productos de caucho y plástico,-0.001993691576363528,-0.007085355437088782
E20_r00_p068_502,E20,0.0,0.502,P077,Vidrio y productos de vidrio,-0.040714244336040976,-0.05578131926165122
E20_r00_p068_502,E20,0.0,0.502,P078,Productos de cerámica y arcilla,-0.015045587558035648,-0.02658495923377885
E20_r00_p068_502,E20,0.0,0.502,P079,"Cemento, cal y yeso",-0.00792725581790953,-0.019885215563133513
E20_r00_p068_502,E20,0.0,0.502,P080,"Artículos de hormigón, cemento y yeso",-0.008558498253849025,-0.022373231455495607
E20_r00_p068_502,E20,0.0,0.502,P081,Piedras talladas para construcción y otros productos minerales no metálicos n.c.p.,-0.005262651538577164,-0.013299959402413023
E20_r00_p068_502,E20,0.0,0.502,P082,"Métales básicos de hierro y acero, productos primarios de metales preciosos y otros metales no ferrosos",-0.006774213203126649,-0.015304718202790274
E20_r00_p068_502,E20,0.0,0.502,P083,Productos metálicos estructurales y sus partes de hierro o de acero,-0.002933732438498379,-0.006484447004449699
E20_r00_p068_502,E20,0.0,0.502,P084,Otros productos elaborados de metal,-0.007444794187523389,-0.011019034215841068
E20_r00_p068_502,E20,0.0,0.502,P085,"Maquinaria para usos generales y especiales, sus partes y piezas, excepto electrodomésticos",-0.0006582798014747288,-0.003912411281046568
E20_r00_p068_502,E20,0.0,0.502,P086,Electrodomésticos y sus partes,-0.0,0.0
E20_r00_p068_502,E20,0.0,0.502,P087,"Maquinaria de oficina, contabilidad e informática, sus partes y piezas",-0.0,0.0
E20_r00_p068_502,E20,0.0,0.502,P088,"Maquinaria y aparatos eléctricos, sus partes y piezas",-0.0011636107799328965,-0.005555907932504684
E20_r00_p068_502,E20,0.0,0.502,P089,"Equipo y aparatos de radio, televisión y comunicaciones",-0.0,0.0
E20_r00_p068_502,E20,0.0,0.502,P090,"Aparatos médicos, instrumentos ópticos y de precisión, relojes",-0.002724162024712348,-0.00928988197036886
E20_r00_p068_502,E20,0.0,0.502,P091,Equipo de transporte,-0.007818089124011397,-0.012968897473158625
E20_r00_p068_502,E20,0.0,0.502,P092,Muebles,-0.004087003621699319,-0.014335011645024976
E20_r00_p068_502,E20,0.0,0.502,P093,Otros artículos n.c.p.,-0.006794688761514076,-0.01197388381285633
E20_r00_p068_502,E20,0.0,0.502,P094,Residuos y desechos,-0.029362401896188942,-0.03276497413758367
E20_r00_p068_502,E20,0.0,0.502,P095,"Generación y distribución de energía eléctrica, gas, vapor y aire acondicionado",-0.047815645914586744,-0.0515343479869461
E20_r00_p068_502,E20,0.0,0.502,P096,Agua natural y distribución de agua natural,-0.020954317676663975,-0.028821130233262045
E20_r00_p068_502,E20,0.0,0.502,P097,"Evacuación de aguas residuales, recogida, tratamiento y eliminación de desechos",-0.03704593792483459,-0.04059204655375088
E20_r00_p068_502,E20,0.0,0.502,P098,Edificaciones residenciales,-0.00014299991933248654,-0.00765552279246485
E20_r00_p068_502,E20,0.0,0.502,P099,Edificaciones no residenciales,-0.0003452104229677169,-0.008902272564586781
E20_r00_p068_502,E20,0.0,0.502,P100,Obras de ingeniería civil,-0.01070909649019089,-0.019674032472085587
E20_r00_p068_502,E20,0.0,0.502,P101,Servicios generales y especializados de construcción,-0.008708106798738378,-0.017542400560229727
E20_r00_p068_502,E20,0.0,0.502,P102,Servicios de comercio,-0.00615222662510287,-0.010279471434985877
E20_r00_p068_502,E20,0.0,0.502,P103,Mantenimiento y reparación de vehículos automotores y motocicletas,-0.01594352091183138,-0.019046615590267147
E20_r00_p068_502,E20,0.0,0.502,P104,Servicio de transporte de pasajeros por vía terrestre,-0.09155935581813474,-0.09502202797160061
E20_r00_p068_502,E20,0.0,0.502,P105,Servicio de transporte de carga por vía terrestre,-0.09854518773016285,-0.10277714882248508
E20_r00_p068_502,E20,0.0,0.502,P106,Otros tipos de transporte,-0.021107244203668024,-0.025523474570744525
E20_r00_p068_502,E20,0.0,0.502,P107,Servicios de almacenamiento y depósito,-0.0009489248128730641,-0.0071171767512407565
E20_r00_p068_502,E20,0.0,0.502,P108,Otros servicios de apoyo al transporte,-0.008439050179021369,-0.018017214934378096
E20_r00_p068_502,E20,0.0,0.502,P109,Servicios postales y de mensajería,-0.030955056399104088,-0.04085051731416849
E20_r00_p068_502,E20,0.0,0.502,P110,Servicio de alojamiento,-0.010309312463646282,-0.016514997802100462
E20_r00_p068_502,E20,0.0,0.502,P111,Servicio de suministro de comidas y bebidas,-0.0016525441656416735,-0.009114419200935487
E20_r00_p068_502,E20,0.0,0.502,P112,"Servicios de información, telecomunicaciones y radiodifusión",-0.00482384231738115,-0.007013042998228968
E20_r00_p068_502,E20,0.0,0.502,P113,Servicios de banco central,-0.0012687415750741056,-0.006263056568053127
E20_r00_p068_502,E20,0.0,0.502,P114,Otros servicios financieros y servicios de banca de inversión,-0.0004058934634597958,-0.006147198236364389
E20_r00_p068_502,E20,0.0,0.502,P115,Servicios de Intermediación Financiera Medidos Indirectamente (SIFMI),-0.00023555406443206094,-0.003609037058695197
E20_r00_p068_502,E20,0.0,0.502,P116,"Servicios de seguro, reaseguro y fondos de pensiones",-0.00026372202907565555,-0.003106088134841145
E20_r00_p068_502,E20,0.0,0.502,P117,Servicios auxiliares de la intermediación financiera,-0.003206803106377785,-0.006840385722406157
E20_r00_p068_502,E20,0.0,0.502,P118,Servicios de alquiler de vivienda,-3.656081137198854e-10,-0.0008192991131955654
E20_r00_p068_502,E20,0.0,0.502,P119,"Otros servicios inmobiliarios, excepto alquiler de vivienda",-0.001947356434771364,-0.006187446507776002
E20_r00_p068_502,E20,0.0,0.502,P120,"Servicios jurídicos, de contabilidad, auditoría, teneduría de libros y consultoría fiscal",-0.0014900837743742953,-0.003338865446821968
E20_r00_p068_502,E20,0.0,0.502,P121,Servicios de tecnología de la información,-0.008527514556401848,-0.011830345587554107
E20_r00_p068_502,E20,0.0,0.502,P122,"Servicios de arquitectura e ingeniería, ensayos y análisis técnicos",-0.00833675585266024,-0.012437112198698383
E20_r00_p068_502,E20,0.0,0.502,P123,"Otros servicios profesionales, científicos y técnicos",-0.0020118426713579287,-0.004511450810765198
E20_r00_p068_502,E20,0.0,0.502,P124,Servicios de publicidad y estudios de mercado,-0.003112499522340119,-0.007536593248869458
E20_r00_p068_502,E20,0.0,0.502,P125,Servicios de arrendamiento o alquiler sin operador,-0.010302195242401354,-0.013593181721717704
E20_r00_p068_502,E20,0.0,0.502,P126,Servicios  de agencias de empleo y de dotación de recursos humanos,-0.001988789043630277,-0.002992203011687717
E20_r00_p068_502,E20,0.0,0.502,P127,"Servicios de agencias de viajes, operadores turísticos y actividades conexas",-0.0070986473653658734,-0.010941236967968343
E20_r00_p068_502,E20,0.0,0.502,P128,"Servicios de seguridad, sistemas de seguridad e investigación privada",-0.004799799639051436,-0.006461986090151974
E20_r00_p068_502,E20,0.0,0.502,P129,Servicios de limpieza,-0.0032783170653553077,-0.006506161109495578
E20_r00_p068_502,E20,0.0,0.502,P130,Servicios telefónicos de centros de llamadas,-0.0009399673938182905,-0.003458456619066268
E20_r00_p068_502,E20,0.0,0.502,P131,"Servicios administrativos, de apoyo de oficina y otros servicios de apoyo a las empresas",-0.011999384871101772,-0.015316299297842834
E20_r00_p068_502,E20,0.0,0.502,P132,"Servicios de mantenimiento, reparación e instalación de productos metálicos elaborados, maquinaria y equipo",-0.00684928810254371,-0.013217674743499263
E20_r00_p068_502,E20,0.0,0.502,P133,Servicios de reparación de otros bienes,-0.0034393727613065985,-0.00583851918625236
E20_r00_p068_502,E20,0.0,0.502,P134,"Servicios de apoyo a la agricultura, caza, silvicultura y pesca",-0.01118074472473667,-0.012731602139635513
E20_r00_p068_502,E20,0.0,0.502,P135,"Servicios de apoyo a la explotación de minas y canteras y los relacionados con la distribución de electricidad, gas y agua",-0.0020265500387992527,-0.006410848553858675
E20_r00_p068_502,E20,0.0,0.502,P136,Servicios de manufactura,-0.010462590143103773,-0.016860729899560903
E20_r00_p068_502,E20,0.0,0.502,P137,Servicios públicos del gobierno general,-0.015664773916280832,-0.024368155230900197
E20_r00_p068_502,E20,0.0,0.502,P138,"Servicios públicos administrativos relacionados con la provisión de servicios educativos, de salud, servicios sociales, culturales y otros, sin contar los servicios de seguridad social",-0.0007349940387132354,-0.005325212511458949
E20_r00_p068_502,E20,0.0,0.502,P139,Otros servicios administrativos,-0.0013534949144680076,-0.008411579661117623
E20_r00_p068_502,E20,0.0,0.502,P140,Servicios públicos administrativos prestados a la comunidad en su conjunto,-0.002151067807219373,-0.004367011170201356
E20_r00_p068_502,E20,0.0,0.502,P141,Servicios administrativos relacionados con los sistemas de seguridad social de afiliación obligatoria,-0.002516879276340613,-0.004444921612203972
E20_r00_p068_502,E20,0.0,0.502,P142,Servicios de enseñanza,-0.001587206109520233,-0.003163482205129609
E20_r00_p068_502,E20,0.0,0.502,P143,Servicios de hospitalización,-0.003916535171382166,-0.0069616026571586
E20_r00_p068_502,E20,0.0,0.502,P144,Servicios médicos y dentales,-0.0040864030781781425,-0.007279426989829728
E20_r00_p068_502,E20,0.0,0.502,P145,Otros servicios de atención de la salud humana,-0.0036487550744256554,-0.008257447337602756
E20_r00_p068_502,E20,0.0,0.502,P146,"Servicios audiovisuales, recreativos, culturales y deportivos",-0.007351929203306331,-0.01343695281776669
E20_r00_p068_502,E20,0.0,0.502,P147,Servicios de asociaciones que sirven a las empresas,-0.005840570958296287,-0.010200381463550798
E20_r00_p068_502,E20,0.0,0.502,P148,Servicios de asociaciones que sirven a los hogares,-0.004981061434758755,-0.01094372426158145
E20_r00_p068_502,E20,0.0,0.502,P149,Otros servicios,-0.0023916986294735794,-0.004147493515670891
E20_r00_p068_502,E20,0.0,0.502,P150,Servicios domésticos,-0.0,0.0
E20_r00_p068_502,E20,0.0,0.502,P151,Compras directas en el exterior por residentes,-0.0,0.0
E20_r00_p068_502,E20,0.0,0.502,P152,Compras directas en el territorio nacional por no residentes,-0.0,0.0
E20_r15_p068_450,E20,0.15,0.45,P001,Maíz,0.003117605585641008,0.004838457021924641
E20_r15_p068_450,E20,0.15,0.45,P002,Frijoles,0.0002753854806143941,0.002395753135964316
E20_r15_p068_450,E20,0.15,0.45,P003,Leguminosas (legumbres secas) y semillas oleaginosas,0.007619978574539463,0.01158637125820308
E20_r15_p068_450,E20,0.15,0.45,P004,Arroz,0.0037841146075190003,0.008395634518269048
E20_r15_p068_450,E20,0.15,0.45,P005,Otros cereales,0.0025462448609768723,0.004523234342249048
E20_r15_p068_450,E20,0.15,0.45,P006,Hortalizas,0.004938156744506585,0.008014709923093609
E20_r15_p068_450,E20,0.15,0.45,P007,Sandías y melones,0.0037281881835779266,0.006913309753047445
E20_r15_p068_450,E20,0.15,0.45,P008,Ejotes y arvejas,0.003607638255395077,0.006354494266326596
E20_r15_p068_450,E20,0.15,0.45,P009,Raíces y tubérculos,0.004673373626778052,0.009119483301322038
E20_r15_p068_450,E20,0.15,0.45,P010,Caña de azúcar y otras plantas azucareras,0.007956846388435398,0.01469409301861754
E20_r15_p068_450,E20,0.15,0.45,P011,Tabaco y otras plantas no perennes,0.0007431992185778574,0.004957816434134969
E20_r15_p068_450,E20,0.15,0.45,P012,"Bananos, plátanos y otros",0.007644444612108468,0.014141508219352015
E20_r15_p068_450,E20,0.15,0.45,P013,Frutas tropicales y subtropicales,0.004662273613096576,0.007435329643089714
E20_r15_p068_450,E20,0.15,0.45,P014,"Berries, otras frutas y semillas de frutas",0.005571494438231831,0.008091691850160338
E20_r15_p068_450,E20,0.15,0.45,P015,Palma africana,0.006273550657502825,0.013058478222524006
E20_r15_p068_450,E20,0.15,0.45,P016,Café en grano,0.0002889373820815165,0.005471645714020258
E20_r15_p068_450,E20,0.15,0.45,P017,Cardamomo,0.0031404247496863618,0.008918537882739969
E20_r15_p068_450,E20,0.15,0.45,P018,Caucho natural,0.011987945312725871,0.02473185756662322
E20_r15_p068_450,E20,0.15,0.45,P019,Propagación de plantas,0.03053074291468474,0.03909600702726099
E20_r15_p068_450,E20,0.15,0.45,P020,"Otros frutos oleaginosos, otras plantas bebestibles y especias aromáticas",0.022075137111886335,0.026800505777351484
E20_r15_p068_450,E20,0.15,0.45,P021,Ganado bovino,0.002308798606683381,0.004576636991338571
E20_r15_p068_450,E20,0.15,0.45,P022,Ganado porcino y otro tipo de animales vivos n.c.p.,0.005558473564296989,0.009714403265340342
E20_r15_p068_450,E20,0.15,0.45,P023,Aves de corral,0.0023661738480987974,0.00687926826089102
E20_r15_p068_450,E20,0.15,0.45,P024,Leche cruda,0.004342570182229236,0.009664433989687473
E20_r15_p068_450,E20,0.15,0.45,P025,Huevos,0.0023901985463025566,0.005064809244013692
E20_r15_p068_450,E20,0.15,0.45,P026,Otros productos de animales vivos,0.0,0.004830411435350637
E20_r15_p068_450,E20,0.15,0.45,P027,Troncos de madera y leña,0.013312900697949617,0.018396506881418466
E20_r15_p068_450,E20,0.15,0.45,P028,Productos forestales no madereros,0.010569893022594989,0.018196959300059764
E20_r15_p068_450,E20,0.15,0.45,P029,"Peces vivos, frescos o refrigerados",0.09173967160852027,0.09413111110171181
E20_r15_p068_450,E20,0.15,0.45,P030,Crustáceos sin congelar y otros productos de la pesca,0.009242656928307634,0.01404774801550085
E20_r15_p068_450,E20,0.15,0.45,P031,Petróleo crudo y gas natural,0.022954573358608656,0.0273366703827767
E20_r15_p068_450,E20,0.15,0.45,P032,Minerales metálicos,0.008198367434986715,0.012752707386729428
E20_r15_p068_450,E20,0.15,0.45,P033,Minerales no metálicos,0.02692799341669762,0.03219457821135432
E20_r15_p068_450,E20,0.15,0.45,P034,Carne y despojos comestibles de ganado bovino; cueros y pieles de bovino y de otros animales,0.004873057142561257,0.011864569072508394
E20_r15_p068_450,E20,0.15,0.45,P035,Carne y despojos comestibles de ganado porcino,0.0021295722634041424,0.010684635307262906
E20_r15_p068_450,E20,0.15,0.45,P036,Carne y despojos comestibles de aves,0.004467818452261782,0.012024764856669833
E20_r15_p068_450,E20,0.15,0.45,P037,Carne y despojos de otros animales y conservas y preparados de carne,0.006636897290356761,0.012852583310682132
E20_r15_p068_450,E20,0.15,0.45,P038,"Pescado congelado, preparado o en conserva y sus productos",0.001592549344286134,0.006609446366256008
E20_r15_p068_450,E20,0.15,0.45,P039,"Crustáceos, moluscos y demás invertebrados acuáticos congelados, preparados o en conserva y sus productos",0.003287896561896747,0.009104972702096727
E20_r15_p068_450,E20,0.15,0.45,P040,"Vegetales preparados o en conserva, legumbres y papas",0.014551551740105579,0.021702654259148066
E20_r15_p068_450,E20,0.15,0.45,P041,Preparaciones y conservas de frutas y nueces,0.004759364156240225,0.00965020650719921
E20_r15_p068_450,E20,0.15,0.45,P042,Jugos de frutas,0.011307531933779685,0.017972690154168483
E20_r15_p068_450,E20,0.15,0.45,P043,Aceites de origen vegetal,0.006007423971109778,0.014023130338649449
E20_r15_p068_450,E20,0.15,0.45,P044,"Margarina, grasas y otros aceites de origen animal y vegetal",0.0075568227367666125,0.015749875613257858
E20_r15_p068_450,E20,0.15,0.45,P045,Leche líquida y crema procesada,0.005202424513160114,0.013188124254753781
E20_r15_p068_450,E20,0.15,0.45,P046,Otros productos lácteos n.c.p.,0.0053868151607693,0.012934743433898254
E20_r15_p068_450,E20,0.15,0.45,P047,Harina de trigo,0.007545116961534666,0.014541846446352582
E20_r15_p068_450,E20,0.15,0.45,P048,Arroz sin cáscara,0.00853796792238162,0.012016429213334998
E20_r15_p068_450,E20,0.15,0.45,P049,"Otros productos de molinería, almidones y productos de almidón",0.012620811028974223,0.017972565002071127
E20_r15_p068_450,E20,0.15,0.45,P050,Pan y otros productos de panadería y repostería n.c.p.,0.0013523981602027286,0.008517803208066388
E20_r15_p068_450,E20,0.15,0.45,P051,"Tortillas de maíz, incluso tostadas, horneadas o fritas",0.0001284386519672882,0.004413138544205131
E20_r15_p068_450,E20,0.15,0.45,P052,"Azúcar de caña sin refinar y refinada, melaza y los demás azúcares n.c.p.",0.0006109214102221961,0.013194647651653376
E20_r15_p068_450,E20,0.15,0.45,P053,Productos alimenticios n.c.p.,0.01350751689929343,0.019002135267589256
E20_r15_p068_450,E20,0.15,0.45,P054,Preparados para alimentación animal,0.0011041332720825602,0.005307613611082424
E20_r15_p068_450,E20,0.15,0.45,P055,"Aguardientes, licores, vinos, demás bebidas espirituosas y productos del tabaco",0.0017510892857693406,0.007566437452877491
E20_r15_p068_450,E20,0.15,0.45,P056,Malta y cerveza de malta,0.020287633980581102,0.0263344196366765
E20_r15_p068_450,E20,0.15,0.45,P057,Bebidas no alcohólicas,0.01798561339568329,0.026631919992915733
E20_r15_p068_450,E20,0.15,0.45,P058,Aguas minerales y otras aguas embotelladas,0.018688494882095872,0.024125282528962753
E20_r15_p068_450,E20,0.15,0.45,P059,"Hilados, tejidos, telas y otros productos textiles excepto prendas de vestir",0.006974989719598222,0.012255355352475373
E20_r15_p068_450,E20,0.15,0.45,P060,"Prendas de vestir, adobo y teñido de pieles",0.006674461542898323,0.012742098652171897
E20_r15_p068_450,E20,0.15,0.45,P061,Cuero de piel curtida o adobada y cuero artificial o regenerado y artículos de cuero,0.00881369862267542,0.015015521374036724
E20_r15_p068_450,E20,0.15,0.45,P062,"Calzado y sus partes, de cualquier material y de cualquier uso",0.0005494890337546766,0.006374905490944278
E20_r15_p068_450,E20,0.15,0.45,P063,"Madera aserrada y acepillada, productos de madera, corcho, paja y materiales trenzables",0.009211378573926853,0.02066309494825733
E20_r15_p068_450,E20,0.15,0.45,P064,Pasta de papel y papel,0.0026683220479003238,0.00794674259978956
E20_r15_p068_450,E20,0.15,0.45,P065,Envases de papel y cartón,0.003645681685906406,0.008099164951682704
E20_r15_p068_450,E20,0.15,0.45,P066,Productos de la edición,0.003959442357122657,0.008249005400461331
E20_r15_p068_450,E20,0.15,0.45,P067,Productos de la impresión,0.006645343423407487,0.011406479913981492
E20_r15_p068_450,E20,0.15,0.45,P068,"Gasolinas, diésel oil y fuel oils",0.011676261849567481,0.01419661168457694
E20_r15_p068_450,E20,0.15,0.45,P069,"Aceites, grasas lubricantes y otros aceites preparados",0.0,0.0
E20_r15_p068_450,E20,0.15,0.45,P070,"Gases de petróleo, otros productos de la refinación de petróleo n.c.p.",0.02417179997139457,0.028859663773119333
E20_r15_p068_450,E20,0.15,0.45,P071,"Abonos, fertilizantes y pesticidas",0.000839023439330437,0.0038178422669083033
E20_r15_p068_450,E20,0.15,0.45,P072,"Pinturas, barnices, tintas y productos relacionados",0.0039061508545615263,0.008047459127676947
E20_r15_p068_450,E20,0.15,0.45,P073,"Jabón, preparados de limpieza, perfumes y preparados de toilet",0.005455657589192117,0.008582585482917121
E20_r15_p068_450,E20,0.15,0.45,P074,Otros productos químicos,0.013163944511242242,0.0215453104488129
E20_r15_p068_450,E20,0.15,0.45,P075,Productos farmacéuticos,0.002821759013027446,0.007486345485375799
E20_r15_p068_450,E20,0.15,0.45,P076,Productos de caucho y plástico,0.001801106239440175,0.006400928828554698
E20_r15_p068_450,E20,0.15,0.45,P077,Vidrio y productos de vidrio,0.03678135594146891,0.050392991251744686
E20_r15_p068_450,E20,0.15,0.45,P078,Productos de cerámica y arcilla,0.01359222356561751,0.024016922436196783
E20_r15_p068_450,E20,0.15,0.45,P079,"Cemento, cal y yeso",0.007161503857742071,0.017964356296624132
E20_r15_p068_450,E20,0.15,0.45,P080,"Artículos de hormigón, cemento y yeso",0.007731769942751966,0.020212036429643154
E20_r15_p068_450,E20,0.15,0.45,P081,Piedras talladas para construcción y otros productos minerales no metálicos n.c.p.,0.004754293309208648,0.012015218476109583
E20_r15_p068_450,E20,0.15,0.45,P082,"Métales básicos de hierro y acero, productos primarios de metales preciosos y otros metales no ferrosos",0.006119842112040243,0.013826322874974586
E20_r15_p068_450,E20,0.15,0.45,P083,Productos metálicos estructurales y sus partes de hierro o de acero,0.002650341638833305,0.005858066562299569
E20_r15_p068_450,E20,0.15,0.45,P084,Otros productos elaborados de metal,0.006725646745698724,0.009954624634044867
E20_r15_p068_450,E20,0.15,0.45,P085,"Maquinaria para usos generales y especiales, sus partes y piezas, excepto electrodomésticos",0.0005946917124945441,0.0035344826918525434
E20_r15_p068_450,E20,0.15,0.45,P086,Electrodomésticos y sus partes,0.0,0.0
E20_r15_p068_450,E20,0.15,0.45,P087,"Maquinaria de oficina, contabilidad e informática, sus partes y piezas",0.0,0.0
E20_r15_p068_450,E20,0.15,0.45,P088,"Maquinaria y aparatos eléctricos, sus partes y piezas",0.0010512090540301523,0.005019221910563321
E20_r15_p068_450,E20,0.15,0.45,P089,"Equipo y aparatos de radio, televisión y comunicaciones",0.0,0.0
E20_r15_p068_450,E20,0.15,0.45,P090,"Aparatos médicos, instrumentos ópticos y de precisión, relojes",0.002461015173121612,0.00839250392531288
E20_r15_p068_450,E20,0.15,0.45,P091,Equipo de transporte,0.007062882377945473,0.011716136254220083
E20_r15_p068_450,E20,0.15,0.45,P092,Muebles,0.003692209873848116,0.012950287407742078
E20_r15_p068_450,E20,0.15,0.45,P093,Otros artículos n.c.p.,0.006138339785604619,0.010817238283668647
E20_r15_p068_450,E20,0.15,0.45,P094,Residuos y desechos,0.026526071478235977,0.02959996423415568
E20_r15_p068_450,E20,0.15,0.45,P095,"Generación y distribución de energía eléctrica, gas, vapor y aire acondicionado",0.04319678089662603,0.04655626617737452
E20_r15_p068_450,E20,0.15,0.45,P096,Agua natural y distribución de agua natural,0.01893018597163866,0.026037085227359615
E20_r15_p068_450,E20,0.15,0.45,P097,"Evacuación de aguas residuales, recogida, tratamiento y eliminación de desechos",0.03346739823420241,0.036670962141977674
E20_r15_p068_450,E20,0.15,0.45,P098,Edificaciones residenciales,0.00012918650507565783,0.006916019524361347
E20_r15_p068_450,E20,0.15,0.45,P099,Edificaciones no residenciales,0.0003118640085047765,0.008042336563672533
E20_r15_p068_450,E20,0.15,0.45,P100,Obras de ingeniería civil,0.00967462607352296,0.017773572934011717
E20_r15_p068_450,E20,0.15,0.45,P101,Servicios generales y especializados de construcción,0.007866926697622385,0.015847851030909625
E20_r15_p068_450,E20,0.15,0.45,P102,Servicios de comercio,0.00555793779353476,0.009286501663146016
E20_r15_p068_450,E20,0.15,0.45,P103,Mantenimiento y reparación de vehículos automotores y motocicletas,0.014403418930686375,0.017206762864705766
E20_r15_p068_450,E20,0.15,0.45,P104,Servicio de transporte de pasajeros por vía terrestre,0.08271496403869857,0.08584315121402825
E20_r15_p068_450,E20,0.15,0.45,P105,Servicio de transporte de carga por vía terrestre,0.08902598305167148,0.09284914788760489
E20_r15_p068_450,E20,0.15,0.45,P106,Otros tipos de transporte,0.019068340200320964,0.023057974386093492
E20_r15_p068_450,E20,0.15,0.45,P107,Servicios de almacenamiento y depósito,0.0008572611839704325,0.006429676287863751
E20_r15_p068_450,E20,0.15,0.45,P108,Otros servicios de apoyo al transporte,0.007623860236249812,0.01627679959145597
E20_r15_p068_450,E20,0.15,0.45,P109,Servicios postales y de mensajería,0.02796487976557657,0.03690446531008062
E20_r15_p068_450,E20,0.15,0.45,P110,Servicio de alojamiento,0.009313460127308062,0.014919692663776487
E20_r15_p068_450,E20,0.15,0.45,P111,Servicio de suministro de comidas y bebidas,0.0014929127669369054,0.008233990395656341
E20_r15_p068_450,E20,0.15,0.45,P112,"Servicios de información, telecomunicaciones y radiodifusión",0.004357871899001559,0.006335601580166006
E20_r15_p068_450,E20,0.15,0.45,P113,Servicios de banco central,0.001146184492222811,0.005658061856921036
E20_r15_p068_450,E20,0.15,0.45,P114,Otros servicios financieros y servicios de banca de inversión,0.00036668522767140403,0.005553395133858317
E20_r15_p068_450,E20,0.15,0.45,P115,Servicios de Intermediación Financiera Medidos Indirectamente (SIFMI),0.0002128001643804503,0.003260413617558207
E20_r15_p068_450,E20,0.15,0.45,P116,"Servicios de seguro, reaseguro y fondos de pensiones",0.000238247178087779,0.0028060482304477588
E20_r15_p068_450,E20,0.15,0.45,P117,Servicios auxiliares de la intermediación financiera,0.0028970344019249687,0.0061796225408522
E20_r15_p068_450,E20,0.15,0.45,P118,Servicios de alquiler de vivienda,3.3029133624165363e-10,0.0007401569842793313
E20_r15_p068_450,E20,0.15,0.45,P119,"Otros servicios inmobiliarios, excepto alquiler de vivienda",0.001759246950061418,0.005589755528628287
E20_r15_p068_450,E20,0.15,0.45,P120,"Servicios jurídicos, de contabilidad, auditoría, teneduría de libros y consultoría fiscal",0.0013461456200809802,0.0030163398693247674
E20_r15_p068_450,E20,0.15,0.45,P121,Servicios de tecnología de la información,0.007703779188587865,0.01068756547155718
E20_r15_p068_450,E20,0.15,0.45,P122,"Servicios de arquitectura e ingeniería, ensayos y análisis técnicos",0.007531447271449904,0.01123572003175714
E20_r15_p068_450,E20,0.15,0.45,P123,"Otros servicios profesionales, científicos y técnicos",0.0018175039866317015,0.0040756565862698005
E20_r15_p068_450,E20,0.15,0.45,P124,Servicios de publicidad y estudios de mercado,0.0028118402948597147,0.0068085782603449045
E20_r15_p068_450,E20,0.15,0.45,P125,Servicios de arrendamiento o alquiler sin operador,0.009307030410824486,0.012280116294359933
E20_r15_p068_450,E20,0.15,0.45,P126,Servicios  de agencias de empleo y de dotación de recursos humanos,0.0017966772784114957,0.002703164109191055
E20_r15_p068_450,E20,0.15,0.45,P127,"Servicios de agencias de viajes, operadores turísticos y actividades conexas",0.006412936791690967,0.009884342394697484
E20_r15_p068_450,E20,0.15,0.45,P128,"Servicios de seguridad, sistemas de seguridad e investigación privada",0.004336151679853377,0.00583777531295851
E20_r15_p068_450,E20,0.15,0.45,P129,Servicios de limpieza,0.0029616403014776083,0.005877683142188686
E20_r15_p068_450,E20,0.15,0.45,P130,Servicios telefónicos de centros de llamadas,0.0008491690279217721,0.0031243788504113257
E20_r15_p068_450,E20,0.15,0.45,P131,"Servicios administrativos, de apoyo de oficina y otros servicios de apoyo a las empresas",0.010840276007087212,0.01383678526685405
E20_r15_p068_450,E20,0.15,0.45,P132,"Servicios de mantenimiento, reparación e instalación de productos metálicos elaborados, maquinaria y equipo",0.006187664974597574,0.011940882297767448
E20_r15_p068_450,E20,0.15,0.45,P133,Servicios de reparación de otros bienes,0.0031071384428723514,0.0052745336641442766
E20_r15_p068_450,E20,0.15,0.45,P134,"Servicios de apoyo a la agricultura, caza, silvicultura y pesca",0.010100714335184178,0.011501763022740573
E20_r15_p068_450,E20,0.15,0.45,P135,"Servicios de apoyo a la explotación de minas y canteras y los relacionados con la distribución de electricidad, gas y agua",0.0018307906612499616,0.005791577527513954
E20_r15_p068_450,E20,0.15,0.45,P136,Servicios de manufactura,0.009451931588044906,0.01523202795439678
E20_r15_p068_450,E20,0.15,0.45,P137,Servicios públicos del gobierno general,0.01415159815817399,0.022014255840953734
E20_r15_p068_450,E20,0.15,0.45,P138,"Servicios públicos administrativos relacionados con la provisión de servicios educativos, de salud, servicios sociales, culturales y otros, sin contar los servicios de seguridad social",0.0006639955571725606,0.004810811057459536
E20_r15_p068_450,E20,0.15,0.45,P139,Otros servicios administrativos,0.0012227508830354658,0.007599043297770626
E20_r15_p068_450,E20,0.15,0.45,P140,Servicios públicos administrativos prestados a la comunidad en su conjunto,0.0019432803423428168,0.003945169433228533
E20_r15_p068_450,E20,0.15,0.45,P141,Servicios administrativos relacionados con los sistemas de seguridad social de afiliación obligatoria,0.0022737553903915252,0.004015553932452031
E20_r15_p068_450,E20,0.15,0.45,P142,Servicios de enseñanza,0.0014338861943474443,0.002857898185239649
E20_r15_p068_450,E20,0.15,0.45,P143,Servicios de hospitalización,0.0035382082252812183,0.006289130240085528
E20_r15_p068_450,E20,0.15,0.45,P144,Servicios médicos y dentales,0.0036916673412438405,0.006576253582234567
E20_r15_p068_450,E20,0.15,0.45,P145,Otros servicios de atención de la salud humana,0.003296294977944347,0.00745979974933351
E20_r15_p068_450,E20,0.15,0.45,P146,"Servicios audiovisuales, recreativos, culturales y deportivos",0.006641752273513645,0.012138978689615509
E20_r15_p068_450,E20,0.15,0.45,P147,Servicios de asociaciones que sirven a las empresas,0.0052763872404316195,0.009215051573915719
E20_r15_p068_450,E20,0.15,0.45,P148,Servicios de asociaciones que sirven a los hogares,0.004499904065172707,0.009886589422321516
E20_r15_p068_450,E20,0.15,0.45,P149,Otros servicios,0.0021606668631577322,0.003746856603937629
E20_r15_p068_450,E20,0.15,0.45,P150,Servicios domésticos,0.0,0.0
E20_r15_p068_450,E20,0.15,0.45,P151,Compras directas en el exterior por residentes,0.0,0.0
E20_r15_p068_450,E20,0.15,0.45,P152,Compras directas en el territorio nacional por no residentes,0.0,0.0
E20_r15_p068_502,E20,0.15,0.502,P001,Maíz,0.0034778622310928575,0.005397567611124823
E20_r15_p068_502,E20,0.15,0.502,P002,Frijoles,0.00030720780281872403,0.0026725957205646364
E20_r15_p068_502,E20,0.15,0.502,P003,Leguminosas (legumbres secas) y semillas oleaginosas,0.0085005094320418,0.012925240825817662
E20_r15_p068_502,E20,0.15,0.502,P004,Arroz,0.004221390073276751,0.009365796729269026
E20_r15_p068_502,E20,0.15,0.502,P005,Otros cereales,0.002840477600467533,0.005045919199575606
E20_r15_p068_502,E20,0.15,0.502,P006,Hortalizas,0.005508788190538457,0.008940854180873314
E20_r15_p068_502,E20,0.15,0.502,P007,Sandías y melones,0.004159001040346931,0.007712181102288484
E20_r15_p068_502,E20,0.15,0.502,P008,Ejotes y arvejas,0.00402452089824073,0.00708879138154656
E20_r15_p068_502,E20,0.15,0.502,P009,Raíces y tubérculos,0.005213407912539072,0.010173290260585912
E20_r15_p068_502,E20,0.15,0.502,P010,Caña de azúcar y otras plantas azucareras,0.008876304193321267,0.016392077100768905
E20_r15_p068_502,E20,0.15,0.502,P011,Tabaco y otras plantas no perennes,0.0008290800171690765,0.005530719666523899
E20_r15_p068_502,E20,0.15,0.502,P012,"Bananos, plátanos y otros",0.008527802656174336,0.015775638058032695
E20_r15_p068_502,E20,0.15,0.502,P013,Frutas tropicales y subtropicales,0.005201025230609957,0.008294523290735639
E20_r15_p068_502,E20,0.15,0.502,P014,"Berries, otras frutas y semillas de frutas",0.006215311573316396,0.00902673179728997
E20_r15_p068_502,E20,0.15,0.502,P015,Palma africana,0.006998494289036485,0.0145674579282379
E20_r15_p068_502,E20,0.15,0.502,P016,Café en grano,0.00032232570178871393,0.006103924774307042
E20_r15_p068_502,E20,0.15,0.502,P017,Cardamomo,0.0035033182763167855,0.00994912448252325
E20_r15_p068_502,E20,0.15,0.502,P018,Caucho natural,0.013373218993307527,0.027589761107655243
E20_r15_p068_502,E20,0.15,0.502,P019,Propagación de plantas,0.03405873987371497,0.04361376783930002
E20_r15_p068_502,E20,0.15,0.502,P020,"Otros frutos oleaginosos, otras plantas bebestibles y especias aromáticas",0.02462604184481542,0.02989745311162319
E20_r15_p068_502,E20,0.15,0.502,P021,Ganado bovino,0.0025755931123445717,0.005105492821448806
E20_r15_p068_502,E20,0.15,0.502,P022,Ganado porcino y otro tipo de animales vivos n.c.p.,0.006200786065060197,0.010836956531557447
E20_r15_p068_502,E20,0.15,0.502,P023,Aves de corral,0.0026395983816568805,0.00767420592659398
E20_r15_p068_502,E20,0.15,0.502,P024,Leche cruda,0.0048443782921757245,0.010781213028495797
E20_r15_p068_502,E20,0.15,0.502,P025,Huevos,0.0026663992672086296,0.0056500760899886055
E20_r15_p068_502,E20,0.15,0.502,P026,Otros productos de animales vivos,0.0,0.005388592312324488
E20_r15_p068_502,E20,0.15,0.502,P027,Troncos de madera y leña,0.014851280334157127,0.020522325454382373
E20_r15_p068_502,E20,0.15,0.502,P028,Productos forestales no madereros,0.011791302882983743,0.020299719041400006
E20_r15_p068_502,E20,0.15,0.502,P029,"Peces vivos, frescos o refrigerados",0.10234070032772705,0.10500848394013186
E20_r15_p068_502,E20,0.15,0.502,P030,Crustáceos sin congelar y otros productos de la pesca,0.010310697284467625,0.015671043341736496
E20_r15_p068_502,E20,0.15,0.502,P031,Petróleo crudo y gas natural,0.025607101835603434,0.030495574515897548
E20_r15_p068_502,E20,0.15,0.502,P032,Minerales metálicos,0.00914573433858518,0.01422635357364039
E20_r15_p068_502,E20,0.15,0.502,P033,Minerales no metálicos,0.030039672655960456,0.03591484058244416
E20_r15_p068_502,E20,0.15,0.502,P034,Carne y despojos comestibles de ganado bovino; cueros y pieles de bovino y de otros animales,0.005436165967923891,0.013235585943109366
E20_r15_p068_502,E20,0.15,0.502,P035,Carne y despojos comestibles de ganado porcino,0.0023756561693975093,0.011919304276102171
E20_r15_p068_502,E20,0.15,0.502,P036,Carne y despojos comestibles de aves,0.004984099695634253,0.013414293240107235
E20_r15_p068_502,E20,0.15,0.502,P037,Carne y despojos de otros animales y conservas y preparados de carne,0.007403827643909098,0.014337770715472068
E20_r15_p068_502,E20,0.15,0.502,P038,"Pescado congelado, preparado o en conserva y sus productos",0.0017765772685147537,0.007373204613023367
E20_r15_p068_502,E20,0.15,0.502,P039,"Crustáceos, moluscos y demás invertebrados acuáticos congelados, preparados o en conserva y sus productos",0.0036678312757159257,0.010157102881005688
E20_r15_p068_502,E20,0.15,0.502,P040,"Vegetales preparados o en conserva, legumbres y papas",0.01623306438562889,0.024210516529094075
E20_r15_p068_502,E20,0.15,0.502,P041,Preparaciones y conservas de frutas y nueces,0.0053093351254057605,0.010765341481364453
E20_r15_p068_502,E20,0.15,0.502,P042,Jugos de frutas,0.01261418006834978,0.020049534349761287
E20_r15_p068_502,E20,0.15,0.502,P043,Aceites de origen vegetal,0.00670161518554913,0.01564358095556006
E20_r15_p068_502,E20,0.15,0.502,P044,"Margarina, grasas y otros aceites de origen animal y vegetal",0.008430055586348531,0.017569861239678755
E20_r15_p068_502,E20,0.15,0.502,P045,Leche líquida y crema procesada,0.0058035935680141705,0.014712085279747555
E20_r15_p068_502,E20,0.15,0.502,P046,Otros productos lácteos n.c.p.,0.006009291579347086,0.014429424897370938
E20_r15_p068_502,E20,0.15,0.502,P047,Harina de trigo,0.00841699714375645,0.016222237591264437
E20_r15_p068_502,E20,0.15,0.502,P048,Arroz sin cáscara,0.009524577548967938,0.01340499436687593
E20_r15_p068_502,E20,0.15,0.502,P049,"Otros productos de molinería, almidones y productos de almidón",0.014079215858989023,0.020049394735643794
E20_r15_p068_502,E20,0.15,0.502,P050,Pan y otros productos de panadería y repostería n.c.p.,0.0015086752809372662,0.00950208268988739
E20_r15_p068_502,E20,0.15,0.502,P051,"Tortillas de maíz, incluso tostadas, horneadas o fritas",0.00014328045175017484,0.004923101220424391
E20_r15_p068_502,E20,0.15,0.502,P052,"Azúcar de caña sin refinar y refinada, melaza y los demás azúcares n.c.p.",0.0006815167731812054,0.014719362491399992
E20_r15_p068_502,E20,0.15,0.502,P053,Productos alimenticios n.c.p.,0.015068385518767336,0.021197937565177356
E20_r15_p068_502,E20,0.15,0.502,P054,Preparados para alimentación animal,0.0012317220057454336,0.005920937850585283
E20_r15_p068_502,E20,0.15,0.502,P055,"Aguardientes, licores, vinos, demás bebidas espirituosas y productos del tabaco",0.001953437381013798,0.008440781336321111
E20_r15_p068_502,E20,0.15,0.502,P056,Malta y cerveza de malta,0.022631982796114915,0.029377508128025767
E20_r15_p068_502,E20,0.15,0.502,P057,Bebidas no alcohólicas,0.02006395094362891,0.029709386303208216
E20_r15_p068_502,E20,0.15,0.502,P058,Aguas minerales y otras aguas embotelladas,0.020848054290693613,0.02691309295453178
E20_r15_p068_502,E20,0.15,0.502,P059,"Hilados, tejidos, telas y otros productos textiles excepto prendas de vestir",0.007780988531640684,0.013671529748761417
E20_r15_p068_502,E20,0.15,0.502,P060,"Prendas de vestir, adobo y teñido de pieles",0.007445732654522129,0.014214518940867322
E20_r15_p068_502,E20,0.15,0.502,P061,Cuero de piel curtida o adobada y cuero artificial o regenerado y artículos de cuero,0.009832170463517913,0.016750648288369866
E20_r15_p068_502,E20,0.15,0.502,P062,"Calzado y sus partes, de cualquier material y de cualquier uso",0.0006129855443218837,0.007111561236564504
E20_r15_p068_502,E20,0.15,0.502,P063,"Madera aserrada y acepillada, productos de madera, corcho, paja y materiales trenzables",0.010275804542469512,0.02305083036450041
E20_r15_p068_502,E20,0.15,0.502,P064,Pasta de papel y papel,0.0029766614845465836,0.008865032855765242
E20_r15_p068_502,E20,0.15,0.502,P065,Envases de papel y cartón,0.0040669604585000345,0.009035068457210482
E20_r15_p068_502,E20,0.15,0.502,P066,Productos de la edición,0.004416977918390163,0.009202223802292414
E20_r15_p068_502,E20,0.15,0.502,P067,Productos de la impresión,0.007413249774556795,0.012724562037374912
E20_r15_p068_502,E20,0.15,0.502,P068,"Gasolinas, diésel oil y fuel oils",0.013025518774406388,0.015837109034794718
E20_r15_p068_502,E20,0.15,0.502,P069,"Aceites, grasas lubricantes y otros aceites preparados",0.0,0.0
E20_r15_p068_502,E20,0.15,0.502,P070,"Gases de petróleo, otros productos de la refinación de petróleo n.c.p.",0.02696498574586683,0.03219455825356868
E20_r15_p068_502,E20,0.15,0.502,P071,"Abonos, fertilizantes y pesticidas",0.0009359772589863987,0.004259015151084374
E20_r15_p068_502,E20,0.15,0.502,P072,"Pinturas, barnices, tintas y productos relacionados",0.004357528286644191,0.008977387737986281
E20_r15_p068_502,E20,0.15,0.502,P073,"Jabón, preparados de limpieza, perfumes y preparados de toilet",0.006086089132832095,0.00957435091649865
E20_r15_p068_502,E20,0.15,0.502,P074,Otros productos químicos,0.014685111432541345,0.0240349907673424
E20_r15_p068_502,E20,0.15,0.502,P075,Productos farmacéuticos,0.003147828943421729,0.008351434297019227
E20_r15_p068_502,E20,0.15,0.502,P076,Productos de caucho y plástico,0.0020092340715532615,0.0071405917154099075
E20_r15_p068_502,E20,0.15,0.502,P077,Vidrio y productos de vidrio,0.04103164596137199,0.05621618135194629
E20_r15_p068_502,E20,0.15,0.502,P078,Productos de cerámica y arcilla,0.015162880510977755,0.02679221125104619
E20_r15_p068_502,E20,0.15,0.502,P079,"Cemento, cal y yeso",0.007989055414636709,0.020040237468678477
E20_r15_p068_502,E20,0.15,0.502,P080,"Artículos de hormigón, cemento y yeso",0.008625218913914417,0.02254764952817969
E20_r15_p068_502,E20,0.15,0.502,P081,Piedras talladas para construcción y otros productos minerales no metálicos n.c.p.,0.005303678313828314,0.013403643722237804
E20_r15_p068_502,E20,0.15,0.502,P082,"Métales básicos de hierro y acero, productos primarios de metales preciosos y otros metales no ferrosos",0.006827023867209338,0.01542403129608276
E20_r15_p068_502,E20,0.15,0.502,P083,Productos metálicos estructurales y sus partes de hierro o de acero,0.002956603339320709,0.006534998698387521
E20_r15_p068_502,E20,0.15,0.502,P084,Otros productos elaborados de metal,0.007502832591868354,0.011104936813978939
E20_r15_p068_502,E20,0.15,0.502,P085,"Maquinaria para usos generales y especiales, sus partes y piezas, excepto electrodomésticos",0.0006634116437161358,0.003942911802911058
E20_r15_p068_502,E20,0.15,0.502,P086,Electrodomésticos y sus partes,0.0,0.0
E20_r15_p068_502,E20,0.15,0.502,P087,"Maquinaria de oficina, contabilidad e informática, sus partes y piezas",0.0,0.0
E20_r15_p068_502,E20,0.15,0.502,P088,"Maquinaria y aparatos eléctricos, sus partes y piezas",0.0011726821002736366,0.005599220886895083
E20_r15_p068_502,E20,0.15,0.502,P089,"Equipo y aparatos de radio, televisión y comunicaciones",0.0,0.0
E20_r15_p068_502,E20,0.15,0.502,P090,"Aparatos médicos, instrumentos ópticos y de precisión, relojes",0.002745399148682332,0.009362304378904592
E20_r15_p068_502,E20,0.15,0.502,P091,Equipo de transporte,0.007879037674952506,0.013070000888041068
E20_r15_p068_502,E20,0.15,0.502,P092,Muebles,0.004118865237048343,0.014446765063747823
E20_r15_p068_502,E20,0.15,0.502,P093,Otros artículos n.c.p.,0.00684765904971893,0.012067230263114797
E20_r15_p068_502,E20,0.15,0.502,P094,Residuos y desechos,0.029591306404609916,0.03302040454565811
E20_r15_p068_502,E20,0.15,0.502,P095,"Generación y distribución de energía eléctrica, gas, vapor y aire acondicionado",0.04818840891134726,0.05193610138009334
E20_r15_p068_502,E20,0.15,0.502,P096,Agua natural y distribución de agua natural,0.02111767412836135,0.029045815075854502
E20_r15_p068_502,E20,0.15,0.502,P097,"Evacuación de aguas residuales, recogida, tratamiento y eliminación de desechos",0.037334742030154695,0.04090849554505064
E20_r15_p068_502,E20,0.15,0.502,P098,Edificaciones residenciales,0.00014411472343995604,0.0077152040027319915
E20_r15_p068_502,E20,0.15,0.502,P099,Edificaciones no residenciales,0.00034790162726532845,0.008971673233252474
E20_r15_p068_502,E20,0.15,0.502,P100,Obras de ingeniería civil,0.01079258286424117,0.019827408028608627
E20_r15_p068_502,E20,0.15,0.502,P101,Servicios generales y especializados de construcción,0.008775993782680971,0.017679158261148076
E20_r15_p068_502,E20,0.15,0.502,P102,Servicios de comercio,0.006200188383009887,0.010359608521998447
E20_r15_p068_502,E20,0.15,0.502,P103,Mantenimiento y reparación de vehículos automotores y motocicletas,0.016067814007121244,0.019195099906849554
E20_r15_p068_502,E20,0.15,0.502,P104,Servicio de transporte de pasajeros por vía terrestre,0.09227313766094819,0.09576280424320481
E20_r15_p068_502,E20,0.15,0.502,P105,Servicio de transporte de carga por vía terrestre,0.09931342998208685,0.10357838275461698
E20_r15_p068_502,E20,0.15,0.502,P106,Otros tipos de transporte,0.021271792845691386,0.025722451426264295
E20_r15_p068_502,E20,0.15,0.502,P107,Servicios de almacenamiento y depósito,0.000956322476340349,0.007172661103350228
E20_r15_p068_502,E20,0.15,0.502,P108,Otros servicios de apoyo al transporte,0.00850483964132757,0.018157674210913105
E20_r15_p068_502,E20,0.15,0.502,P109,Servicios postales y de mensajería,0.03119637698293208,0.041168981301467705
E20_r15_p068_502,E20,0.15,0.502,P110,Servicio de alojamiento,0.010389682186463661,0.01664374603825733
E20_r15_p068_502,E20,0.15,0.502,P111,Servicio de suministro de comidas y bebidas,0.0016654271311162814,0.00918547373026552
E20_r15_p068_502,E20,0.15,0.502,P112,"Servicios de información, telecomunicaciones y radiodifusión",0.0048614482073306275,0.007067715540540745
E20_r15_p068_502,E20,0.15,0.502,P113,Servicios de banco central,0.0012786324779907805,0.006311882338165244
E20_r15_p068_502,E20,0.15,0.502,P114,Otros servicios financieros y servicios de banca de inversión,0.00040905774286898854,0.006195120793770833
E20_r15_p068_502,E20,0.15,0.502,P115,Servicios de Intermediación Financiera Medidos Indirectamente (SIFMI),0.00023739040559774677,0.0036371725244760448
E20_r15_p068_502,E20,0.15,0.502,P116,"Servicios de seguro, reaseguro y fondos de pensiones",0.0002657779631112557,0.003130302692632834
E20_r15_p068_502,E20,0.15,0.502,P117,Servicios auxiliares de la intermediación financiera,0.0032318028217029654,0.006893712256684011
E20_r15_p068_502,E20,0.15,0.502,P118,Servicios de alquiler de vivienda,3.6845833509624465e-10,0.0008256862357960543
E20_r15_p068_502,E20,0.15,0.502,P119,"Otros servicios inmobiliarios, excepto alquiler de vivienda",0.0019625377087351815,0.006235682834158667
E20_r15_p068_502,E20,0.15,0.502,P120,"Servicios jurídicos, de contabilidad, auditoría, teneduría de libros y consultoría fiscal",0.0015017002250681157,0.003364894698668962
E20_r15_p068_502,E20,0.15,0.502,P121,Servicios de tecnología de la información,0.008593993672602463,0.011922573037159337
E20_r15_p068_502,E20,0.15,0.502,P122,"Servicios de arquitectura e ingeniería, ensayos y análisis técnicos",0.00840174784503967,0.012534069902093518
E20_r15_p068_502,E20,0.15,0.502,P123,"Otros servicios profesionales, científicos y técnicos",0.002027526669531365,0.004546621347349867
E20_r15_p068_502,E20,0.15,0.502,P124,Servicios de publicidad y estudios de mercado,0.0031367640622657258,0.007595347303762536
E20_r15_p068_502,E20,0.15,0.502,P125,Servicios de arrendamiento o alquiler sin operador,0.01038250948051976,0.013699151955041521
E20_r15_p068_502,E20,0.15,0.502,P126,Servicios  de agencias de empleo y de dotación de recursos humanos,0.00200429331947238,0.0030155297395864666
E20_r15_p068_502,E20,0.15,0.502,P127,"Servicios de agencias de viajes, operadores turísticos y actividades conexas",0.007153987265397479,0.011026533071418081
E20_r15_p068_502,E20,0.15,0.502,P128,"Servicios de seguridad, sistemas de seguridad e investigación privada",0.004837218096191989,0.006512362682455939
E20_r15_p068_502,E20,0.15,0.502,P129,Servicios de limpieza,0.0033038742918705764,0.006556882083063823
E20_r15_p068_502,E20,0.15,0.502,P130,Servicios telefónicos de centros de llamadas,0.0009472952267038435,0.0034854181842366343
E20_r15_p068_502,E20,0.15,0.502,P131,"Servicios administrativos, de apoyo de oficina y otros servicios de apoyo a las empresas",0.012092930123461736,0.015435702675468298
E20_r15_p068_502,E20,0.15,0.502,P132,"Servicios de mantenimiento, reparación e instalación de productos metálicos elaborados, maquinaria y equipo",0.00690268403832885,0.013320717585509463
E20_r15_p068_502,E20,0.15,0.502,P133,Servicios de reparación de otros bienes,0.003466185551826489,0.005884035332000947
E20_r15_p068_502,E20,0.15,0.502,P134,"Servicios de apoyo a la agricultura, caza, silvicultura y pesca",0.01126790799169435,0.01283085563870171
E20_r15_p068_502,E20,0.15,0.502,P135,"Servicios de apoyo a la explotación de minas y canteras y los relacionados con la distribución de electricidad, gas y agua",0.0020423486932166237,0.0064608264862489
E20_r15_p068_502,E20,0.15,0.502,P136,Servicios de manufactura,0.01054415479377454,0.01699217340690485
E20_r15_p068_502,E20,0.15,0.502,P137,Servicios públicos del gobierno general,0.01578689394534076,0.024558125404797286
E20_r15_p068_502,E20,0.15,0.502,P138,"Servicios públicos administrativos relacionados con la provisión de servicios educativos, de salud, servicios sociales, culturales y otros, sin contar los servicios de seguridad social",0.0007407239326680565,0.005366727001877082
E20_r15_p068_502,E20,0.15,0.502,P139,Otros servicios administrativos,0.0013640465406306753,0.008477154967735231
E20_r15_p068_502,E20,0.15,0.502,P140,Servicios públicos administrativos prestados a la comunidad en su conjunto,0.002167837181902431,0.0044010556788460515
E20_r15_p068_502,E20,0.15,0.502,P141,Servicios administrativos relacionados con los sistemas de seguridad social de afiliación obligatoria,0.002536500457725657,0.004479573497979821
E20_r15_p068_502,E20,0.15,0.502,P142,Servicios de enseñanza,0.0015995797101387046,0.0031881441977562306
E20_r15_p068_502,E20,0.15,0.502,P143,Servicios de hospitalización,0.003947067842424825,0.007015874178939857
E20_r15_p068_502,E20,0.15,0.502,P144,Servicios médicos y dentales,0.004118260011787574,0.007336176218403896
E20_r15_p068_502,E20,0.15,0.502,P145,Otros servicios de atención de la salud humana,0.003677200175395694,0.00832182105370094
E20_r15_p068_502,E20,0.15,0.502,P146,"Servicios audiovisuales, recreativos, culturales y deportivos",0.007409243647341887,0.013541705115971076
E20_r15_p068_502,E20,0.15,0.502,P147,Servicios de asociaciones que sirven a las empresas,0.00588610309932594,0.01027990197801265
E20_r15_p068_502,E20,0.15,0.502,P148,Servicios de asociaciones que sirven a los hogares,0.005019892979370441,0.011029039755567557
E20_r15_p068_502,E20,0.15,0.502,P149,Otros servicios,0.002410343922900403,0.0041798267003926425
E20_r15_p068_502,E20,0.15,0.502,P150,Servicios domésticos,0.0,0.0
E20_r15_p068_502,E20,0.15,0.502,P151,Compras directas en el exterior por residentes,0.0,0.0
E20_r15_p068_502,E20,0.15,0.502,P152,Compras directas en el territorio nacional por no residentes,0.0,0.0
E20_r30_p068_450,E20,0.3,0.45,P001,Maíz,0.009328700418013381,0.014477943024883219
E20_r30_p068_450,E20,0.3,0.45,P002,Frijoles,0.0008240261885449845,0.0071687269819706734
E20_r30_p068_450,E20,0.3,0.45,P003,Leguminosas (legumbres secas) y semillas oleaginosas,0.022800991132732935,0.034669487024746225
E20_r30_p068_450,E20,0.3,0.45,P004,Arroz,0.011323071681536925,0.025121958852264713
E20_r30_p068_450,E20,0.3,0.45,P005,Otros cereales,0.007619038023398815,0.013534713401097312
E20_r30_p068_450,E20,0.3,0.45,P006,Hortalizas,0.014776270962198211,0.023982131721273066
E20_r30_p068_450,E20,0.3,0.45,P007,Sandías y melones,0.011155725030376172,0.02068645112779701
E20_r30_p068_450,E20,0.3,0.45,P008,Ejotes y arvejas,0.0107950077636987,0.019014327402918155
E20_r30_p068_450,E20,0.3,0.45,P009,Raíces y tubérculos,0.013983969847389558,0.02728790584573485
E20_r30_p068_450,E20,0.3,0.45,P010,Caña de azúcar y otras plantas azucareras,0.023808988722543556,0.0439686124237299
E20_r30_p068_450,E20,0.3,0.45,P011,Tabaco y otras plantas no perennes,0.002223848614124474,0.014835097952917953
E20_r30_p068_450,E20,0.3,0.45,P012,"Bananos, plátanos y otros",0.022874199987614488,0.04231513256353257
E20_r30_p068_450,E20,0.3,0.45,P013,Frutas tropicales y subtropicales,0.013950755670860215,0.022248472696169124
E20_r30_p068_450,E20,0.3,0.45,P014,"Berries, otras frutas y semillas de frutas",0.01667138483914604,0.024212482006284897
E20_r30_p068_450,E20,0.3,0.45,P015,Palma africana,0.01877212271835266,0.03907442038664148
E20_r30_p068_450,E20,0.3,0.45,P016,Café en grano,0.0008645770617739428,0.016372611049549086
E20_r30_p068_450,E20,0.3,0.45,P017,Cardamomo,0.009396981391767423,0.026686624009777737
E20_r30_p068_450,E20,0.3,0.45,P018,Caucho natural,0.03587110279921882,0.07400425861521161
E20_r30_p068_450,E20,0.3,0.45,P019,Propagación de plantas,0.09135605719410418,0.11698559265407363
E20_r30_p068_450,E20,0.3,0.45,P020,"Otros frutos oleaginosos, otras plantas bebestibles y especias aromáticas",0.06605464839806385,0.08019420115221017
E20_r30_p068_450,E20,0.3,0.45,P021,Ganado bovino,0.006908536033703423,0.013694508250445457
E20_r30_p068_450,E20,0.3,0.45,P022,Ganado porcino y otro tipo de animales vivos n.c.p.,0.016632422940733256,0.029068063715153414
E20_r30_p068_450,E20,0.3,0.45,P023,Aves de corral,0.007080217929912743,0.020584589980392066
E20_r30_p068_450,E20,0.3,0.45,P024,Leche cruda,0.012994118454494937,0.028918542427143857
E20_r30_p068_450,E20,0.3,0.45,P025,Huevos,0.0071521061806935,0.015155248736210453
E20_r30_p068_450,E20,0.3,0.45,P026,Otros productos de animales vivos,0.0,0.01445386850205654
E20_r30_p068_450,E20,0.3,0.45,P027,Troncos de madera y leña,0.03983571971962521,0.055047213869867634
E20_r30_p068_450,E20,0.3,0.45,P028,Productos forestales no madereros,0.03162791531821202,0.05445011473256551
E20_r30_p068_450,E20,0.3,0.45,P029,"Peces vivos, frescos o refrigerados",0.2745093596266606,0.2816651790486363
E20_r30_p068_450,E20,0.3,0.45,P030,Crustáceos sin congelar y otros productos de la pesca,0.02765647391311357,0.0420345772370705
E20_r30_p068_450,E20,0.3,0.45,P031,Petróleo crudo y gas natural,0.06868615423068117,0.08179854744982744
E20_r30_p068_450,E20,0.3,0.45,P032,Minerales metálicos,0.024531683568325035,0.038159473179454374
E20_r30_p068_450,E20,0.3,0.45,P033,Minerales no metálicos,0.0805756778854882,0.09633469243232518
E20_r30_p068_450,E20,0.3,0.45,P034,Carne y despojos comestibles de ganado bovino; cueros y pieles de bovino y de otros animales,0.01458147573644004,0.03550192845946568
E20_r30_p068_450,E20,0.3,0.45,P035,Carne y despojos comestibles de ganado porcino,0.006372243415044839,0.03197125457955906
E20_r30_p068_450,E20,0.3,0.45,P036,Carne y despojos comestibles de aves,0.01336889440254605,0.035981276612276854
E20_r30_p068_450,E20,0.3,0.45,P037,Carne y despojos de otros animales y conservas y preparados de carne,0.019859351937276244,0.03845832835787024
E20_r30_p068_450,E20,0.3,0.45,P038,"Pescado congelado, preparado o en conserva y sus productos",0.0047653288158625035,0.01977721151248582
E20_r30_p068_450,E20,0.3,0.45,P039,"Crustáceos, moluscos y demás invertebrados acuáticos congelados, preparados o en conserva y sus productos",0.00983825605542227,0.027244486295268894
E20_r30_p068_450,E20,0.3,0.45,P040,"Vegetales preparados o en conserva, legumbres y papas",0.043542091220867316,0.0649400811930119
E20_r30_p068_450,E20,0.3,0.45,P041,Preparaciones y conservas de frutas y nueces,0.014241276253252319,0.02887597003683037
E20_r30_p068_450,E20,0.3,0.45,P042,Jugos de frutas,0.033835126022094805,0.05377904213612825
E20_r30_p068_450,E20,0.3,0.45,P043,Aceites de origen vegetal,0.017975801290769356,0.04196091463735236
E20_r30_p068_450,E20,0.3,0.45,P044,"Margarina, grasas y otros aceites de origen animal y vegetal",0.02261201216344153,0.047127793167219365
E20_r30_p068_450,E20,0.3,0.45,P045,Leche líquida y crema procesada,0.015567030016281298,0.03946235560225245
E20_r30_p068_450,E20,0.3,0.45,P046,Otros productos lácteos n.c.p.,0.01611877559928644,0.03870417317522633
E20_r30_p068_450,E20,0.3,0.45,P047,Harina de trigo,0.022576985388148854,0.043513050415222264
E20_r30_p068_450,E20,0.3,0.45,P048,Arroz sin cáscara,0.025547858039948267,0.035956334162911156
E20_r30_p068_450,E20,0.3,0.45,P049,"Otros productos de molinería, almidones y productos de almidón",0.03776480439473301,0.053778667647954304
E20_r30_p068_450,E20,0.3,0.45,P050,Pan y otros productos de panadería y repostería n.c.p.,0.004046732960869305,0.025487519881802784
E20_r30_p068_450,E20,0.3,0.45,P051,"Tortillas de maíz, incluso tostadas, horneadas o fritas",0.0003843224145526294,0.013205277656574595
E20_r30_p068_450,E20,0.3,0.45,P052,"Azúcar de caña sin refinar y refinada, melaza y los demás azúcares n.c.p.",0.001828038428325223,0.03948187533100339
E20_r30_p068_450,E20,0.3,0.45,P053,Productos alimenticios n.c.p.,0.04041806286373237,0.0568594141703975
E20_r30_p068_450,E20,0.3,0.45,P054,Preparados para alimentación animal,0.0033038587575859955,0.015881783616376797
E20_r30_p068_450,E20,0.3,0.45,P055,"Aguardientes, licores, vinos, demás bebidas espirituosas y productos del tabaco",0.005239722249463605,0.022640781936826494
E20_r30_p068_450,E20,0.3,0.45,P056,Malta y cerveza de malta,0.060705966292473254,0.07879954815461129
E20_r30_p068_450,E20,0.3,0.45,P057,Bebidas no alcohólicas,0.053817711892519646,0.07968974789969469
E20_r30_p068_450,E20,0.3,0.45,P058,Aguas minerales y otras aguas embotelladas,0.05592091918927035,0.07218922568306595
E20_r30_p068_450,E20,0.3,0.45,P059,"Hilados, tejidos, telas y otros productos textiles excepto prendas de vestir",0.020871013900071803,0.036671264359450055
E20_r30_p068_450,E20,0.3,0.45,P060,"Prendas de vestir, adobo y teñido de pieles",0.01997175411540962,0.0381277290399913
E20_r30_p068_450,E20,0.3,0.45,P061,Cuero de piel curtida o adobada y cuero artificial o regenerado y artículos de cuero,0.026372917217073463,0.04493041107054103
E20_r30_p068_450,E20,0.3,0.45,P062,"Calzado y sus partes, de cualquier material y de cualquier uso",0.0016442165110591,0.019075403185082555
E20_r30_p068_450,E20,0.3,0.45,P063,"Madera aserrada y acepillada, productos de madera, corcho, paja y materiales trenzables",0.027562880804693875,0.061829444805034633
E20_r30_p068_450,E20,0.3,0.45,P064,Pasta de papel y papel,0.007984325252138672,0.023778755514790126
E20_r30_p068_450,E20,0.3,0.45,P065,Envases de papel y cartón,0.010908843769044684,0.02423484350243331
E20_r30_p068_450,E20,0.3,0.45,P066,Productos de la edición,0.011847698676866318,0.024683205753128042
E20_r30_p068_450,E20,0.3,0.45,P067,Productos de la impresión,0.019884625001092848,0.0341312045473969
E20_r30_p068_450,E20,0.3,0.45,P068,"Gasolinas, diésel oil y fuel oils",0.0349384634472606,0.04248001670456862
E20_r30_p068_450,E20,0.3,0.45,P069,"Aceites, grasas lubricantes y otros aceites preparados",0.0,0.0
E20_r30_p068_450,E20,0.3,0.45,P070,"Gases de petróleo, otros productos de la refinación de petróleo n.c.p.",0.07232841817317993,0.08635574645619239
E20_r30_p068_450,E20,0.3,0.45,P071,"Abonos, fertilizantes y pesticidas",0.0025105800250212118,0.011423993758304024
E20_r30_p068_450,E20,0.3,0.45,P072,"Pinturas, barnices, tintas y productos relacionados",0.011688236407325778,0.0240801260024911
E20_r30_p068_450,E20,0.3,0.45,P073,"Jabón, preparados de limpieza, perfumes y preparados de toilet",0.016324770351721727,0.025681365580971192
E20_r30_p068_450,E20,0.3,0.45,P074,Otros productos químicos,0.03939000341490636,0.06446926690014373
E20_r30_p068_450,E20,0.3,0.45,P075,Productos farmacéuticos,0.00844344923091028,0.022401125588328227
E20_r30_p068_450,E20,0.3,0.45,P076,Productos de caucho y plástico,0.005389386202712178,0.01915327189354349
E20_r30_p068_450,E20,0.3,0.45,P077,Vidrio y productos de vidrio,0.1100595444550857,0.15078915714042712
E20_r30_p068_450,E20,0.3,0.45,P078,Productos de cerámica y arcilla,0.0406715276115457,0.07186498362777273
E20_r30_p068_450,E20,0.3,0.45,P079,"Cemento, cal y yeso",0.021429113528351168,0.05375410503031993
E20_r30_p068_450,E20,0.3,0.45,P080,"Artículos de hormigón, cemento y yeso",0.02313550047162349,0.06047975842696141
E20_r30_p068_450,E20,0.3,0.45,P081,Piedras talladas para construcción y otros productos minerales no metálicos n.c.p.,0.014226102937858923,0.0359527113169319
E20_r30_p068_450,E20,0.3,0.45,P082,"Métales básicos de hierro y acero, productos primarios de metales preciosos y otros metales no ferrosos",0.01831218609939315,0.041372014656832726
E20_r30_p068_450,E20,0.3,0.45,P083,Productos metálicos estructurales y sus partes de hierro o de acero,0.007930523112973892,0.017528884423408567
E20_r30_p068_450,E20,0.3,0.45,P084,Otros productos elaborados de metal,0.02012491377901794,0.029786869581094562
E20_r30_p068_450,E20,0.3,0.45,P085,"Maquinaria para usos generales y especiales, sus partes y piezas, excepto electrodomésticos",0.0017794748804943164,0.010576106970300576
E20_r30_p068_450,E20,0.3,0.45,P086,Electrodomésticos y sus partes,0.0,0.0
E20_r30_p068_450,E20,0.3,0.45,P087,"Maquinaria de oficina, contabilidad e informática, sus partes y piezas",0.0,0.0
E20_r30_p068_450,E20,0.3,0.45,P088,"Maquinaria y aparatos eléctricos, sus partes y piezas",0.0031454955004304188,0.015018839378152703
E20_r30_p068_450,E20,0.3,0.45,P089,"Equipo y aparatos de radio, televisión y comunicaciones",0.0,0.0
E20_r30_p068_450,E20,0.3,0.45,P090,"Aparatos médicos, instrumentos ópticos y de precisión, relojes",0.007364008256841915,0.025112591290199347
E20_r30_p068_450,E20,0.3,0.45,P091,Equipo de transporte,0.021134011978610246,0.035057778211470665
E20_r30_p068_450,E20,0.3,0.45,P092,Muebles,0.011048068412566099,0.038750684855845034
E20_r30_p068_450,E20,0.3,0.45,P093,Otros artículos n.c.p.,0.01836753603073374,0.03236803775416057
E20_r30_p068_450,E20,0.3,0.45,P094,Residuos y desechos,0.07937302115026652,0.08857092122112506
E20_r30_p068_450,E20,0.3,0.45,P095,"Generación y distribución de energía eléctrica, gas, vapor y aire acondicionado",0.1292561925931799,0.13930866102830575
E20_r30_p068_450,E20,0.3,0.45,P096,Agua natural y distribución de agua natural,0.05664412284865319,0.07790984496660724
E20_r30_p068_450,E20,0.3,0.45,P097,"Evacuación de aguas residuales, recogida, tratamiento y eliminación de desechos",0.10014330656038764,0.10972921701142087
E20_r30_p068_450,E20,0.3,0.45,P098,Edificaciones residenciales,0.00038656018883581405,0.02069455948021501
E20_r30_p068_450,E20,0.3,0.45,P099,Edificaciones no residenciales,0.0009331795913830009,0.024064797936237513
E20_r30_p068_450,E20,0.3,0.45,P100,Obras de ingeniería civil,0.028949039837455972,0.05318323075335893
E20_r30_p068_450,E20,0.3,0.45,P101,Servicios generales y especializados de construcción,0.023539925226783068,0.04742096152816045
E20_r30_p068_450,E20,0.3,0.45,P102,Servicios de comercio,0.016630819772918644,0.027787668955263335
E20_r30_p068_450,E20,0.3,0.45,P103,Mantenimiento y reparación de vehículos automotores y motocicletas,0.04309883867875131,0.05148718512307711
E20_r30_p068_450,E20,0.3,0.45,P104,Servicio de transporte de pasajeros por vía terrestre,0.24750504783468832,0.2568654111675382
E20_r30_p068_450,E20,0.3,0.45,P105,Servicio de transporte de carga por vía terrestre,0.2663892857817748,0.27782920607424916
E20_r30_p068_450,E20,0.3,0.45,P106,Otros tipos de transporte,0.05705751683819273,0.068995557451141
E20_r30_p068_450,E20,0.3,0.45,P107,Servicios de almacenamiento y depósito,0.0025651521802772673,0.019239291894568744
E20_r30_p068_450,E20,0.3,0.45,P108,Otros servicios de apoyo al transporte,0.022812606091144192,0.04870448906432638
E20_r30_p068_450,E20,0.3,0.45,P109,Servicios postales y de mensajería,0.08367831606421425,0.11042792024441546
E20_r30_p068_450,E20,0.3,0.45,P110,Servicio de alojamiento,0.02786833580967743,0.044643666225850046
E20_r30_p068_450,E20,0.3,0.45,P111,Servicio de suministro de comidas y bebidas,0.004467189825783661,0.024638276887768706
E20_r30_p068_450,E20,0.3,0.45,P112,"Servicios de información, telecomunicaciones y radiodifusión",0.01303990523788657,0.018957795489421655
E20_r30_p068_450,E20,0.3,0.45,P113,Servicios de banco central,0.0034296871294323575,0.016930417450144612
E20_r30_p068_450,E20,0.3,0.45,P114,Otros servicios financieros y servicios de banca de inversión,0.0010972191775677207,0.016617226933780264
E20_r30_p068_450,E20,0.3,0.45,P115,Servicios de Intermediación Financiera Medidos Indirectamente (SIFMI),0.0006367543705824668,0.009756019817612073
E20_r30_p068_450,E20,0.3,0.45,P116,"Servicios de seguro, reaseguro y fondos de pensiones",0.0007128985655063222,0.008396438414438346
E20_r30_p068_450,E20,0.3,0.45,P117,Servicios auxiliares de la intermediación financiera,0.008668693102395729,0.018491064952387143
E20_r30_p068_450,E20,0.3,0.45,P118,Servicios de alquiler de vivienda,9.883190294035196e-10,0.0022147454445307748
E20_r30_p068_450,E20,0.3,0.45,P119,"Otros servicios inmobiliarios, excepto alquiler de vivienda",0.00526413213846368,0.01672602685107962
E20_r30_p068_450,E20,0.3,0.45,P120,"Servicios jurídicos, de contabilidad, auditoría, teneduría de libros y consultoría fiscal",0.004028023707230537,0.009025686613290711
E20_r30_p068_450,E20,0.3,0.45,P121,Servicios de tecnología de la información,0.023051744732515946,0.031980022406061154
E20_r30_p068_450,E20,0.3,0.45,P122,"Servicios de arquitectura e ingeniería, ensayos y análisis técnicos",0.02253608206022464,0.03362024581931948
E20_r30_p068_450,E20,0.3,0.45,P123,"Otros servicios profesionales, científicos y técnicos",0.005438452598982641,0.012195442385376887
E20_r30_p068_450,E20,0.3,0.45,P124,Servicios de publicidad y estudios de mercado,0.008413769802972492,0.020373066803540833
E20_r30_p068_450,E20,0.3,0.45,P125,Servicios de arrendamiento o alquiler sin operador,0.02784909639750666,0.0367453556460364
E20_r30_p068_450,E20,0.3,0.45,P126,Servicios  de agencias de empleo y de dotación de recursos humanos,0.005376133579997522,0.008088581914118083
E20_r30_p068_450,E20,0.3,0.45,P127,"Servicios de agencias de viajes, operadores turísticos y actividades conexas",0.01918920289496482,0.029576566533589588
E20_r30_p068_450,E20,0.3,0.45,P128,"Servicios de seguridad, sistemas de seguridad e investigación privada",0.012974912597900226,0.017468167639001393
E20_r30_p068_450,E20,0.3,0.45,P129,Servicios de limpieza,0.008862011040026674,0.017587582418387284
E20_r30_p068_450,E20,0.3,0.45,P130,Servicios telefónicos de centros de llamadas,0.002540938309266305,0.009348967817515489
E20_r30_p068_450,E20,0.3,0.45,P131,"Servicios administrativos, de apoyo de oficina y otros servicios de apoyo a las empresas",0.032436972715361154,0.04140332090030013
E20_r30_p068_450,E20,0.3,0.45,P132,"Servicios de mantenimiento, reparación e instalación de productos metálicos elaborados, maquinaria y equipo",0.018515130041116733,0.035730277811818964
E20_r30_p068_450,E20,0.3,0.45,P133,Servicios de reparación de otros bienes,0.009297379958629068,0.015782799666562517
E20_r30_p068_450,E20,0.3,0.45,P134,"Servicios de apoyo a la agricultura, caza, silvicultura y pesca",0.03022400860290111,0.03441631680810249
E20_r30_p068_450,E20,0.3,0.45,P135,"Servicios de apoyo a la explotación de minas y canteras y los relacionados con la distribución de electricidad, gas y agua",0.005478209843335886,0.017329931647132233
E20_r30_p068_450,E20,0.3,0.45,P136,Servicios de manufactura,0.02828267904142177,0.045578256017961526
E20_r30_p068_450,E20,0.3,0.45,P137,Servicios públicos del gobierno general,0.042345324328950155,0.0658724755343078
E20_r30_p068_450,E20,0.3,0.45,P138,"Servicios públicos administrativos relacionados con la provisión de servicios educativos, de salud, servicios sociales, culturales y otros, sin contar los servicios de seguridad social",0.0019868503123948267,0.014395218987740788
E20_r30_p068_450,E20,0.3,0.45,P139,Otros servicios administrativos,0.0036587940200761043,0.022738347247937434
E20_r30_p068_450,E20,0.3,0.45,P140,Servicios públicos administrativos prestados a la comunidad en su conjunto,0.005814808719045607,0.011804990313848674
E20_r30_p068_450,E20,0.3,0.45,P141,Servicios administrativos relacionados con los sistemas de seguridad social de afiliación obligatoria,0.006803677462761662,0.012015599349947415
E20_r30_p068_450,E20,0.3,0.45,P142,Servicios de enseñanza,0.00429056670997795,0.008551587191810588
E20_r30_p068_450,E20,0.3,0.45,P143,Servicios de hospitalización,0.010587254751602186,0.018818740949735464
E20_r30_p068_450,E20,0.3,0.45,P144,Servicios médicos y dentales,0.011046445011531791,0.019677889924276586
E20_r30_p068_450,E20,0.3,0.45,P145,Otros servicios de atención de la salud humana,0.009863386337345919,0.022321693725601673
E20_r30_p068_450,E20,0.3,0.45,P146,"Servicios audiovisuales, recreativos, culturales y deportivos",0.019873879330867553,0.03632303460631258
E20_r30_p068_450,E20,0.3,0.45,P147,Servicios de asociaciones que sirven a las empresas,0.015788346057025192,0.027573871392050184
E20_r30_p068_450,E20,0.3,0.45,P148,Servicios de asociaciones que sirven a los hogares,0.013464903041981701,0.029583290234506773
E20_r30_p068_450,E20,0.3,0.45,P149,Otros servicios,0.0064652866810228325,0.011211585881285376
E20_r30_p068_450,E20,0.3,0.45,P150,Servicios domésticos,0.0,0.0
E20_r30_p068_450,E20,0.3,0.45,P151,Compras directas en el exterior por residentes,0.0,0.0
E20_r30_p068_450,E20,0.3,0.45,P152,Compras directas en el territorio nacional por no residentes,0.0,0.0
E20_r30_p068_502,E20,0.3,0.502,P001,Maíz,0.01040668357742826,0.016150949774425286
E20_r30_p068_502,E20,0.3,0.502,P002,Frijoles,0.0009192469925546271,0.007997113210998394
E20_r30_p068_502,E20,0.3,0.502,P003,Leguminosas (legumbres secas) y semillas oleaginosas,0.025435772330293184,0.038675738858716904
E20_r30_p068_502,E20,0.3,0.502,P004,Arroz,0.012631515520292302,0.028024940764081963
E20_r30_p068_502,E20,0.3,0.502,P005,Otros cereales,0.008499460194991567,0.015098724727446335
E20_r30_p068_502,E20,0.3,0.502,P006,Hortalizas,0.01648375116227445,0.02675340027573128
E20_r30_p068_502,E20,0.3,0.502,P007,Sandías y melones,0.012444831033886305,0.02307688548034244
E20_r30_p068_502,E20,0.3,0.502,P008,Ejotes y arvejas,0.01204243088305944,0.02121153856947759
E20_r30_p068_502,E20,0.3,0.502,P009,Raíces y tubérculos,0.0155998952519768,0.030441174965686435
E20_r30_p068_502,E20,0.3,0.502,P010,Caña de azúcar y otras plantas azucareras,0.026560249641593037,0.04904942985936092
E20_r30_p068_502,E20,0.3,0.502,P011,Tabaco y otras plantas no perennes,0.00248082667620108,0.01654937593858847
E20_r30_p068_502,E20,0.3,0.502,P012,"Bananos, plátanos y otros",0.025517440875072163,0.04720488121531854
E20_r30_p068_502,E20,0.3,0.502,P013,Frutas tropicales y subtropicales,0.015562842992826285,0.024819407318837552
E20_r30_p068_502,E20,0.3,0.502,P014,"Berries, otras frutas y semillas de frutas",0.018597855976114023,0.027010368815900042
E20_r30_p068_502,E20,0.3,0.502,P015,Palma africana,0.020941345788028972,0.043589686742431175
E20_r30_p068_502,E20,0.3,0.502,P016,Café en grano,0.0009644837444678205,0.01826455721527475
E20_r30_p068_502,E20,0.3,0.502,P017,Cardamomo,0.010482854797038326,0.029770411673129823
E20_r30_p068_502,E20,0.3,0.502,P018,Caucho natural,0.04001620801157299,0.08255586183296941
E20_r30_p068_502,E20,0.3,0.502,P019,Propagación de plantas,0.10191275713653399,0.130503927805211
E20_r30_p068_502,E20,0.3,0.502,P020,"Otros frutos oleaginosos, otras plantas bebestibles y especias aromáticas",0.07368762999072902,0.08946108661868772
E20_r30_p068_502,E20,0.3,0.502,P021,Ganado bovino,0.007706855753153597,0.01527698475938583
E20_r30_p068_502,E20,0.3,0.502,P022,Ganado porcino y otro tipo de animales vivos n.c.p.,0.018554391813884658,0.03242703996668225
E20_r30_p068_502,E20,0.3,0.502,P023,Aves de corral,0.007898376446258216,0.022963253711459596
E20_r30_p068_502,E20,0.3,0.502,P024,Leche cruda,0.014495661031458794,0.03226024066316938
E20_r30_p068_502,E20,0.3,0.502,P025,Huevos,0.007978571783795862,0.016906521923505894
E20_r30_p068_502,E20,0.3,0.502,P026,Otros productos de animales vivos,0.0,0.016124093306738627
E20_r30_p068_502,E20,0.3,0.502,P027,Troncos de madera y leña,0.04443895844278191,0.06140822525038563
E20_r30_p068_502,E20,0.3,0.502,P028,Productos forestales no madereros,0.035282696643872076,0.06074212799055085
E20_r30_p068_502,E20,0.3,0.502,P029,"Peces vivos, frescos o refrigerados",0.3062304411835191,0.31421315529425625
E20_r30_p068_502,E20,0.3,0.502,P030,Crustáceos sin congelar y otros productos de la pesca,0.030852333120851137,0.04689190616224306
E20_r30_p068_502,E20,0.3,0.502,P031,Petróleo crudo y gas natural,0.07662322094178212,0.09125082404402973
E20_r30_p068_502,E20,0.3,0.502,P032,Minerales metálicos,0.027366455891775925,0.04256901230241354
E20_r30_p068_502,E20,0.3,0.502,P033,Minerales no metálicos,0.08988664510781127,0.10746670133561609
E20_r30_p068_502,E20,0.3,0.502,P034,Carne y despojos comestibles de ganado bovino; cueros y pieles de bovino y de otros animales,0.016266446265984218,0.03960437352589283
E20_r30_p068_502,E20,0.3,0.502,P035,Carne y despojos comestibles de ganado porcino,0.007108591543005575,0.035665710664308105
E20_r30_p068_502,E20,0.3,0.502,P036,Carne y despojos comestibles de aves,0.014913744422395814,0.04013911302080661
E20_r30_p068_502,E20,0.3,0.502,P037,Carne y despojos de otros animales y conservas y preparados de carne,0.0221542103833615,0.04290240185700191
E20_r30_p068_502,E20,0.3,0.502,P038,"Pescado congelado, preparado o en conserva y sus productos",0.005315989034584393,0.022062578176150847
E20_r30_p068_502,E20,0.3,0.502,P039,"Crustáceos, moluscos y demás invertebrados acuáticos congelados, preparados o en conserva y sus productos",0.010975121199604398,0.03039273804494441
E20_r30_p068_502,E20,0.3,0.502,P040,"Vegetales preparados o en conserva, legumbres y papas",0.04857362176194531,0.07244426835309324
E20_r30_p068_502,E20,0.3,0.502,P041,Preparaciones y conservas de frutas y nueces,0.015886934842517034,0.03221274879664188
E20_r30_p068_502,E20,0.3,0.502,P042,Jugos de frutas,0.0377449628068702,0.05999350922741418
E20_r30_p068_502,E20,0.3,0.502,P043,Aceites de origen vegetal,0.020053004995480486,0.04680973143989086
E20_r30_p068_502,E20,0.3,0.502,P044,"Margarina, grasas y otros aceites de origen animal y vegetal",0.02522495579121699,0.05257367148876473
E20_r30_p068_502,E20,0.3,0.502,P045,Leche líquida y crema procesada,0.017365886818162694,0.04402245002740162
E20_r30_p068_502,E20,0.3,0.502,P046,Otros productos lácteos n.c.p.,0.017981389668537316,0.04317665540880806
E20_r30_p068_502,E20,0.3,0.502,P047,Harina de trigo,0.025185881477446055,0.04854122512987018
E20_r30_p068_502,E20,0.3,0.502,P048,Arroz sin cáscara,0.028500054969008953,0.04011128833284755
E20_r30_p068_502,E20,0.3,0.502,P049,"Otros productos de molinería, almidones y productos de almidón",0.04212873734701328,0.05999309146505122
E20_r30_p068_502,E20,0.3,0.502,P050,Pan y otros productos de panadería y repostería n.c.p.,0.0045143554363475365,0.028432744401477788
E20_r30_p068_502,E20,0.3,0.502,P051,"Tortillas de maíz, incluso tostadas, horneadas o fritas",0.0004287330046787111,0.014731220852445439
E20_r30_p068_502,E20,0.3,0.502,P052,"Azúcar de caña sin refinar y refinada, melaza y los demás azúcares n.c.p.",0.0020392784244872486,0.04404422536925269
E20_r30_p068_502,E20,0.3,0.502,P053,Productos alimenticios n.c.p.,0.045088594572430335,0.06342983536342121
E20_r30_p068_502,E20,0.3,0.502,P054,Preparados para alimentación animal,0.003685637991795932,0.017717011945380327
E20_r30_p068_502,E20,0.3,0.502,P055,"Aguardientes, licores, vinos, demás bebidas espirituosas y productos del tabaco",0.005845201264957176,0.025257050071748676
E20_r30_p068_502,E20,0.3,0.502,P056,Malta y cerveza de malta,0.06772087795293683,0.08790527371914415
E20_r30_p068_502,E20,0.3,0.502,P057,Bebidas no alcohólicas,0.060036647488988584,0.08889834099032608
E20_r30_p068_502,E20,0.3,0.502,P058,Aguas minerales y otras aguas embotelladas,0.06238289207336381,0.08053109176199798
E20_r30_p068_502,E20,0.3,0.502,P059,"Hilados, tejidos, telas y otros productos textiles excepto prendas de vestir",0.02328277550630232,0.04090883268543097
E20_r30_p068_502,E20,0.3,0.502,P060,"Prendas de vestir, adobo y teñido de pieles",0.022279601257634733,0.04253359995127918
E20_r30_p068_502,E20,0.3,0.502,P061,Cuero de piel curtida o adobada y cuero artificial o regenerado y artículos de cuero,0.029420454317713066,0.050122369683136894
E20_r30_p068_502,E20,0.3,0.502,P062,"Calzado y sus partes, de cualquier material y de cualquier uso",0.0018342148634481518,0.02127967199758099
E20_r30_p068_502,E20,0.3,0.502,P063,"Madera aserrada y acepillada, productos de madera, corcho, paja y materiales trenzables",0.03074792480879183,0.068974180649172
E20_r30_p068_502,E20,0.3,0.502,P064,Pasta de papel y papel,0.008906958392385807,0.026526522818721428
E20_r30_p068_502,E20,0.3,0.502,P065,Envases de papel y cartón,0.012169421271245403,0.027035314307158918
E20_r30_p068_502,E20,0.3,0.502,P066,Productos de la edición,0.013216766079526425,0.02753548730682283
E20_r30_p068_502,E20,0.3,0.502,P067,Productos de la impresión,0.022182403890108015,0.03807525485065167
E20_r30_p068_502,E20,0.3,0.502,P068,"Gasolinas, diésel oil y fuel oils",0.03897579700116627,0.047388818634874354
E20_r30_p068_502,E20,0.3,0.502,P069,"Aceites, grasas lubricantes y otros aceites preparados",0.0,0.0
E20_r30_p068_502,E20,0.3,0.502,P070,"Gases de petróleo, otros productos de la refinación de petróleo n.c.p.",0.08068636871763628,0.09633463271335237
E20_r30_p068_502,E20,0.3,0.502,P071,"Abonos, fertilizantes y pesticidas",0.002800691494579219,0.01274409970370804
E20_r30_p068_502,E20,0.3,0.502,P072,"Pinturas, barnices, tintas y productos relacionados",0.013038877058838978,0.02686271834055674
E20_r30_p068_502,E20,0.3,0.502,P073,"Jabón, preparados de limpieza, perfumes y preparados de toilet",0.018211188259031792,0.028648990048105644
E20_r30_p068_502,E20,0.3,0.502,P074,Otros productos químicos,0.043941737142851094,0.07191904885304921
E20_r30_p068_502,E20,0.3,0.502,P075,Productos farmacéuticos,0.009419136697593245,0.024989700100757274
E20_r30_p068_502,E20,0.3,0.502,P076,Productos de caucho y plástico,0.006012159719470029,0.021366538867908513
E20_r30_p068_502,E20,0.3,0.502,P077,Vidrio y productos de vidrio,0.12277753625878449,0.16821368196554315
E20_r30_p068_502,E20,0.3,0.502,P078,Productos de cerámica y arcilla,0.045371348579990985,0.08016938173587093
E20_r30_p068_502,E20,0.3,0.502,P079,"Cemento, cal y yeso",0.023905366647182857,0.05996569050049025
E20_r30_p068_502,E20,0.3,0.502,P080,"Artículos de hormigón, cemento y yeso",0.02580893608167776,0.06746853051185475
E20_r30_p068_502,E20,0.3,0.502,P081,Piedras talladas para construcción y otros productos minerales no metálicos n.c.p.,0.015870008166233733,0.04010724684688849
E20_r30_p068_502,E20,0.3,0.502,P082,"Métales básicos de hierro y acero, productos primarios de metales preciosos y otros metales no ferrosos",0.02042826093754525,0.046152780794955627
E20_r30_p068_502,E20,0.3,0.502,P083,Productos metálicos estructurales y sus partes de hierro o de acero,0.008846939117139765,0.019554444401224662
E20_r30_p068_502,E20,0.3,0.502,P084,Otros productos elaborados de metal,0.02245045937126001,0.03322890784379883
E20_r30_p068_502,E20,0.3,0.502,P085,"Maquinaria para usos generales y especiales, sus partes y piezas, excepto electrodomésticos",0.001985103088906993,0.01179823488686864
E20_r30_p068_502,E20,0.3,0.502,P086,Electrodomésticos y sus partes,0.0,0.0
E20_r30_p068_502,E20,0.3,0.502,P087,"Maquinaria de oficina, contabilidad e informática, sus partes y piezas",0.0,0.0
E20_r30_p068_502,E20,0.3,0.502,P088,"Maquinaria y aparatos eléctricos, sus partes y piezas",0.0035089749804801565,0.016754349706294785
E20_r30_p068_502,E20,0.3,0.502,P089,"Equipo y aparatos de radio, televisión y comunicaciones",0.0,0.0
E20_r30_p068_502,E20,0.3,0.502,P090,"Aparatos médicos, instrumentos ópticos y de precisión, relojes",0.008214960322076982,0.02801449072817793
E20_r30_p068_502,E20,0.3,0.502,P091,Equipo de transporte,0.023576164473916316,0.03910889924924062
E20_r30_p068_502,E20,0.3,0.502,P092,Muebles,0.012324734095795958,0.043228541772520473
E20_r30_p068_502,E20,0.3,0.502,P093,Otros artículos n.c.p.,0.02049000686095186,0.036108344339085774
E20_r30_p068_502,E20,0.3,0.502,P094,Residuos y desechos,0.08854501470540845,0.09880578322889959
E20_r30_p068_502,E20,0.3,0.502,P095,"Generación y distribución de energía eléctrica, gas, vapor y aire acondicionado",0.1441924637372807,0.15540655074713217
E20_r30_p068_502,E20,0.3,0.502,P096,Agua natural y distribución de agua natural,0.06318966593338644,0.0869127603849707
E20_r30_p068_502,E20,0.3,0.502,P097,"Evacuación de aguas residuales, recogida, tratamiento y eliminación de desechos",0.11171542198514356,0.12240903764385176
E20_r30_p068_502,E20,0.3,0.502,P098,Edificaciones residenciales,0.00043122936621239704,0.02308593079792874
E20_r30_p068_502,E20,0.3,0.502,P099,Edificaciones no residenciales,0.0010410136774983698,0.02684561903109162
E20_r30_p068_502,E20,0.3,0.502,P100,Obras de ingeniería civil,0.03229426221867311,0.05932884852930262
E20_r30_p068_502,E20,0.3,0.502,P101,Servicios generales y especializados de construcción,0.02626009436410022,0.05290071708252566
E20_r30_p068_502,E20,0.3,0.502,P102,Servicios de comercio,0.018552603391122576,0.03099868847898265
E20_r30_p068_502,E20,0.3,0.502,P103,Mantenimiento y reparación de vehículos automotores y motocicletas,0.04807914892607369,0.05743681540396603
E20_r30_p068_502,E20,0.3,0.502,P104,Servicio de transporte de pasajeros por vía terrestre,0.27610563114003006,0.2865476364580091
E20_r30_p068_502,E20,0.3,0.502,P105,Servicio de transporte de carga por vía terrestre,0.2971720476943354,0.30993391433171796
E20_r30_p068_502,E20,0.3,0.502,P106,Otros tipos de transporte,0.06365082989505055,0.07696837742327285
E20_r30_p068_502,E20,0.3,0.502,P107,Servicios de almacenamiento y depósito,0.0028615697655537515,0.021462498957941126
E20_r30_p068_502,E20,0.3,0.502,P108,Otros servicios de apoyo al transporte,0.025448729461676412,0.054332563356204094
E20_r30_p068_502,E20,0.3,0.502,P109,Servicios postales y de mensajería,0.09334781036496789,0.12318847991710347
E20_r30_p068_502,E20,0.3,0.502,P110,Servicio de alojamiento,0.031088676836573487,0.049802489878614936
E20_r30_p068_502,E20,0.3,0.502,P111,Servicio de suministro de comidas y bebidas,0.004983398427874217,0.02748536666146641
E20_r30_p068_502,E20,0.3,0.502,P112,"Servicios de información, telecomunicaciones y radiodifusión",0.014546738732042352,0.02114847407931038
E20_r30_p068_502,E20,0.3,0.502,P113,Servicios de banco central,0.003826006531055652,0.018886821244383546
E20_r30_p068_502,E20,0.3,0.502,P114,Otros servicios financieros y servicios de banca de inversión,0.0012240089491977683,0.018537439823905984
E20_r30_p068_502,E20,0.3,0.502,P115,Servicios de Intermediación Financiera Medidos Indirectamente (SIFMI),0.0007103348756275519,0.010883382107647246
E20_r30_p068_502,E20,0.3,0.502,P116,"Servicios de seguro, reaseguro y fondos de pensiones",0.0007952779552981639,0.009366693520106778
E20_r30_p068_502,E20,0.3,0.502,P117,Servicios auxiliares de la intermediación financiera,0.00967040874978368,0.020627810235774098
E20_r30_p068_502,E20,0.3,0.502,P118,Servicios de alquiler de vivienda,1.1025247839123706e-09,0.0024706715847876643
E20_r30_p068_502,E20,0.3,0.502,P119,"Otros servicios inmobiliarios, excepto alquiler de vivienda",0.005872431852241705,0.018658812176093262
E20_r30_p068_502,E20,0.3,0.502,P120,"Servicios jurídicos, de contabilidad, auditoría, teneduría de libros y consultoría fiscal",0.00449348422451051,0.010068654844159858
E20_r30_p068_502,E20,0.3,0.502,P121,Servicios de tecnología de la información,0.025715501901606673,0.03567549166187265
E20_r30_p068_502,E20,0.3,0.502,P122,"Servicios de arquitectura e ingeniería, ensayos y análisis técnicos",0.025140251542739484,0.03750525200288527
E20_r30_p068_502,E20,0.3,0.502,P123,"Otros servicios profesionales, científicos y técnicos",0.006066896010420635,0.01360469350546488
E20_r30_p068_502,E20,0.3,0.502,P124,Servicios de publicidad y estudios de mercado,0.009386027646871535,0.02272728785639444
E20_r30_p068_502,E20,0.3,0.502,P125,Servicios de arrendamiento o alquiler sin operador,0.031067214203440757,0.0409914856318006
E20_r30_p068_502,E20,0.3,0.502,P126,Servicios  de agencias de empleo y de dotación de recursos humanos,0.005997375682575014,0.009023262490860615
E20_r30_p068_502,E20,0.3,0.502,P127,"Servicios de agencias de viajes, operadores turísticos y actividades conexas",0.021406621896160754,0.03299430311080438
E20_r30_p068_502,E20,0.3,0.502,P128,"Servicios de seguridad, sistemas de seguridad e investigación privada",0.014474235831435358,0.019486711455063775
E20_r30_p068_502,E20,0.3,0.502,P129,Servicios de limpieza,0.009886065649096424,0.019619925275623153
E20_r30_p068_502,E20,0.3,0.502,P130,Servicios telefónicos de centros de llamadas,0.0028345578472259666,0.010429292987539503
E20_r30_p068_502,E20,0.3,0.502,P131,"Servicios administrativos, de apoyo de oficina y otros servicios de apoyo a las empresas",0.03618524511802511,0.046187704648779256
E20_r30_p068_502,E20,0.3,0.502,P132,"Servicios de mantenimiento, reparación e instalación de productos metálicos elaborados, maquinaria y equipo",0.02065465617920133,0.039859109914518034
E20_r30_p068_502,E20,0.3,0.502,P133,Servicios de reparación de otros bienes,0.010371743864959539,0.01760658985025419
E20_r30_p068_502,E20,0.3,0.502,P134,"Servicios de apoyo a la agricultura, caza, silvicultura y pesca",0.03371656070812524,0.03839331341703879
E20_r30_p068_502,E20,0.3,0.502,P135,"Servicios de apoyo a la explotación de minas y canteras y los relacionados con la distribución de electricidad, gas y agua",0.006111247425232477,0.019332501526356398
E20_r30_p068_502,E20,0.3,0.502,P136,Servicios de manufactura,0.03155089973065273,0.050845076713370414
E20_r30_p068_502,E20,0.3,0.502,P137,Servicios públicos del gobierno general,0.04723856180696218,0.0734844060404945
E20_r30_p068_502,E20,0.3,0.502,P138,"Servicios públicos administrativos relacionados con la provisión de servicios educativos, de salud, servicios sociales, culturales y otros, sin contar los servicios de seguridad social",0.00221644190404934,0.016058666515213055
E20_r30_p068_502,E20,0.3,0.502,P139,Otros servicios administrativos,0.004081587995729343,0.02536588959658798
E20_r30_p068_502,E20,0.3,0.502,P140,Servicios públicos administrativos prestados a la comunidad en su conjunto,0.0064867421710242115,0.013169122527893411
E20_r30_p068_502,E20,0.3,0.502,P141,Servicios administrativos relacionados con los sistemas de seguridad social de afiliación obligatoria,0.007589880191791898,0.013404068608163563
E20_r30_p068_502,E20,0.3,0.502,P142,Servicios de enseñanza,0.004786365529797625,0.009539770600642034
E20_r30_p068_502,E20,0.3,0.502,P143,Servicios de hospitalización,0.011810670856231774,0.02099335101503823
E20_r30_p068_502,E20,0.3,0.502,P144,Servicios médicos y dentales,0.012322923101753243,0.02195177942663744
E20_r30_p068_502,E20,0.3,0.502,P145,Otros servicios de atención de la salud humana,0.011003155425217001,0.02490108944500454
E20_r30_p068_502,E20,0.3,0.502,P146,"Servicios audiovisuales, recreativos, culturales y deportivos",0.022170416497990023,0.0405203630497087
E20_r30_p068_502,E20,0.3,0.502,P147,Servicios de asociaciones que sirven a las empresas,0.0176127771569481,0.030760185419575977
E20_r30_p068_502,E20,0.3,0.502,P148,Servicios de asociaciones que sirven a los hogares,0.015020847393499584,0.03300180377271644
E20_r30_p068_502,E20,0.3,0.502,P149,Otros servicios,0.0072123864752743575,0.01250714691645613
E20_r30_p068_502,E20,0.3,0.502,P150,Servicios domésticos,0.0,0.0
E20_r30_p068_502,E20,0.3,0.502,P151,Compras directas en el exterior por residentes,0.0,0.0
E20_r30_p068_502,E20,0.3,0.502,P152,Compras directas en el territorio nacional por no residentes,0.0,0.0
